night,arrival,timer,perfect,lgbm_both,lgbm_night,lgbm_price,lgbm_wind
2025-01-01,746.5,547.5,454.5,483.0,493.0,518.0,483.0
2025-01-02,1198.5,463.0,339.0,385.0,364.0,364.0,353.5
2025-01-03,1676.5,1494.0,1369.0,1381.0,1378.0,1388.0,1428.0
2025-01-04,1675.0,633.5,392.0,465.5,483.0,392.0,392.0
2025-01-05,1265.0,425.0,337.0,426.0,426.0,369.0,363.0
2025-01-06,1093.5,544.5,505.0,510.5,512.5,546.5,511.5
2025-01-07,1178.0,680.0,658.0,663.0,665.0,663.0,663.0
2025-01-08,1959.5,1638.5,1355.0,1358.5,1358.5,1355.0,1356.0
2025-01-09,1530.5,1353.5,1235.0,1273.0,1257.0,1257.0,1334.0
2025-01-10,1997.0,1707.0,1612.5,1636.0,1628.0,1612.5,1612.5
2025-01-11,1913.0,1618.0,1613.5,1665.0,1666.0,1652.0,1665.0
2025-01-12,1619.5,1015.5,989.5,992.0,996.5,999.5,1015.0
2025-01-13,1348.5,942.0,884.5,911.5,897.5,897.5,895.5
2025-01-14,1887.5,1580.5,1520.5,1549.0,1572.5,1542.0,1587.5
2025-01-15,1862.5,1627.0,1585.0,1610.5,1594.5,1608.5,1592.0
2025-01-16,1736.0,1320.0,1229.5,1233.0,1238.0,1230.5,1235.5
2025-01-17,1925.0,1624.5,1604.5,1660.0,1627.0,1667.0,1667.0
2025-01-18,1919.0,1847.5,1782.5,1848.0,1885.5,1782.5,1782.5
2025-01-19,2095.0,2060.0,2037.5,2096.5,2103.5,2073.5,2073.5
2025-01-20,2075.5,2044.0,1977.0,2036.5,2070.5,2065.5,2036.5
2025-01-21,2028.5,2197.0,2028.5,2125.5,2141.0,2193.5,2151.5
2025-01-22,2081.0,1747.5,1489.0,1533.5,1533.5,1626.0,1533.5
2025-01-23,1190.5,350.0,322.0,335.0,329.5,364.0,360.5
2025-01-24,901.0,345.5,329.0,345.5,348.5,387.5,335.5
2025-01-25,1306.0,625.5,449.0,612.5,518.0,452.5,452.5
2025-01-26,692.0,325.5,316.5,386.0,363.5,316.5,316.5
2025-01-27,972.5,460.5,380.5,451.5,446.0,447.0,442.0
2025-01-28,1293.5,475.5,429.5,439.0,432.0,481.0,486.0
2025-01-29,1384.5,655.5,588.0,608.0,603.0,642.0,642.0
2025-01-30,1887.0,1313.5,1275.0,1402.0,1381.0,1378.5,1388.0
2025-01-31,2155.0,1525.5,1206.5,1206.5,1206.5,1266.0,1252.0
2025-02-01,1445.0,813.5,764.5,780.0,777.0,846.0,846.0
2025-02-02,1782.5,1067.0,1043.0,1102.0,1110.0,1145.0,1175.5
2025-02-03,1368.0,661.0,612.0,667.5,668.5,666.0,673.5
2025-02-04,1223.0,759.5,674.0,686.0,685.0,714.0,680.0
2025-02-05,1962.0,1736.5,1669.5,1723.5,1703.5,1707.5,1723.5
2025-02-06,1616.5,673.5,594.0,599.0,599.0,637.5,594.0
2025-02-07,982.5,503.0,484.5,497.5,620.0,497.5,497.5
2025-02-08,1849.0,1336.0,1099.5,1185.0,1181.0,1173.0,1173.0
2025-02-09,1249.0,559.0,524.5,542.0,533.5,533.5,533.5
2025-02-10,1303.5,785.0,737.0,737.0,742.0,740.0,743.0
2025-02-11,1608.5,1069.0,1017.0,1036.0,1036.0,1114.0,1049.0
2025-02-12,1789.0,1397.5,1365.5,1428.5,1428.5,1429.0,1397.5
2025-02-13,1894.0,1382.0,1298.0,1307.0,1314.0,1391.0,1315.5
2025-02-14,1745.5,1436.5,1418.0,1570.0,1547.5,1429.5,1482.0
2025-02-15,1849.5,1051.5,865.0,874.0,872.0,891.5,1160.5
2025-02-16,1386.0,1207.0,1127.5,1169.5,1169.5,1169.5,1169.5
2025-02-17,1681.5,1222.0,1120.5,1159.5,1122.5,1144.0,1191.5
2025-02-18,1255.0,600.0,525.5,542.5,548.0,540.5,540.5
2025-02-19,1351.0,662.0,577.5,656.5,664.0,652.5,656.0
2025-02-20,715.0,627.5,549.5,592.0,592.0,613.5,582.5
2025-02-21,525.5,487.5,377.0,417.5,417.5,415.5,414.5
2025-02-22,903.0,655.5,510.0,717.0,728.0,672.5,659.5
2025-02-23,646.5,561.5,448.5,549.0,566.5,567.5,536.5
2025-02-24,1064.0,581.0,509.5,528.0,532.0,546.5,553.5
2025-02-25,1521.5,1083.0,1057.0,1092.5,1097.0,1105.5,1061.0
2025-02-26,1701.0,1188.5,1151.5,1259.5,1270.5,1339.5,1270.5
2025-02-27,1735.5,1675.0,1590.5,1649.0,1595.5,1669.0,1674.0
2025-02-28,1781.5,1265.5,1237.5,1260.5,1260.5,1264.0,1264.0
2025-03-01,1676.5,1227.5,1076.5,1094.5,1091.0,1082.5,1087.5
2025-03-02,1269.5,913.5,848.5,885.5,896.0,890.0,913.5
2025-03-03,1729.0,1167.5,1154.0,1173.5,1169.5,1292.5,1250.0
2025-03-04,1222.5,695.5,665.0,678.0,675.5,694.5,705.5
2025-03-05,1206.5,718.0,635.0,663.5,666.5,746.5,704.0
2025-03-06,1055.0,449.5,421.5,437.5,460.0,423.5,423.5
2025-03-07,1537.5,923.0,819.0,919.0,862.0,881.5,862.0
2025-03-08,1284.0,1016.5,844.0,909.5,904.5,879.0,886.5
2025-03-09,1831.5,1447.0,1409.0,1452.5,1452.5,1525.5,1452.5
2025-03-10,1374.0,664.5,637.5,653.5,662.0,659.5,642.5
2025-03-11,1682.0,1068.5,949.0,1064.5,1006.0,995.5,949.0
2025-03-12,1742.5,1270.5,1157.5,1235.0,1157.5,1157.5,1157.5
2025-03-13,2030.0,1767.0,1745.0,1751.0,1748.0,1758.0,1755.0
2025-03-14,1949.5,1503.0,1365.5,1366.5,1366.5,1376.5,1379.5
2025-03-15,1638.0,1481.0,1292.5,1357.5,1442.0,1326.0,1303.5
2025-03-16,1586.5,1130.0,1095.5,1185.0,1185.0,1097.5,1095.5
2025-03-17,1577.5,1010.0,965.5,1079.0,1016.0,981.0,973.0
2025-03-18,1482.5,1473.5,1272.5,1367.0,1561.0,1390.0,1384.5
2025-03-19,2086.5,1842.5,1817.0,1833.5,1822.5,1826.5,1839.0
2025-03-20,1536.0,501.0,444.5,469.0,478.0,463.0,463.0
2025-03-21,738.5,699.5,561.0,627.0,633.0,627.0,620.0
2025-03-22,1482.0,1029.5,716.0,1055.5,1052.5,783.0,783.0
2025-03-23,1703.5,1404.0,1372.5,1410.5,1374.5,1407.5,1419.5
2025-03-24,1855.5,995.5,985.0,992.0,991.0,996.5,1047.0
2025-03-25,1853.0,1731.5,1584.5,1697.0,1672.5,1705.0,1603.5
2025-03-26,1601.5,885.0,841.0,856.0,878.5,858.0,907.5
2025-03-27,944.5,455.0,434.0,522.0,474.0,491.5,450.0
2025-03-28,1100.5,684.5,681.0,711.5,689.0,714.5,688.5
2025-03-29,631.5,509.0,422.5,549.5,496.5,481.0,491.0
2025-03-30,1106.0,1352.0,1106.0,1359.0,1308.0,1106.0,1314.5
2025-03-31,1793.5,1233.0,1101.0,1141.5,1141.5,1250.0,1146.5
2025-04-01,795.0,389.5,389.5,436.5,432.5,389.5,432.5
2025-04-02,691.5,546.0,532.5,532.5,532.5,552.0,542.0
2025-04-03,950.5,547.5,510.5,510.5,513.0,547.5,510.5
2025-04-04,648.0,480.0,428.5,470.5,516.5,457.0,475.0
2025-04-05,805.5,582.0,577.0,627.0,623.5,588.0,608.5
2025-04-06,1301.5,1277.0,1220.5,1290.0,1313.0,1233.5,1233.5
2025-04-07,1850.5,1721.5,1717.5,1721.5,1820.5,1735.5,1738.5
2025-04-08,1925.5,1605.5,1575.5,1617.0,1604.5,1628.0,1629.0
2025-04-09,1620.5,1409.0,1373.5,1413.0,1430.0,1388.0,1409.5
2025-04-10,1444.5,909.0,906.0,954.5,955.5,933.5,927.5
2025-04-11,1695.5,1268.5,1053.5,1088.0,1088.0,1069.0,1090.0
2025-04-12,980.0,711.0,569.0,660.5,753.0,620.5,607.0
2025-04-13,1019.0,689.5,665.0,708.5,722.5,700.5,696.5
2025-04-14,1310.5,850.5,799.5,845.5,845.5,815.5,833.0
2025-04-15,1565.5,543.5,381.0,520.0,520.0,414.5,393.5
2025-04-16,1003.0,557.5,545.0,576.5,576.5,583.5,583.5
2025-04-17,1776.0,1376.5,982.5,1198.0,1081.5,993.5,1033.0
2025-04-18,710.5,417.0,374.5,402.0,427.5,417.0,420.5
2025-04-19,956.0,1008.0,915.0,1001.0,936.0,959.0,959.0
2025-04-20,1544.0,1140.5,1137.0,1224.5,1144.0,1230.0,1203.5
2025-04-21,1701.5,1540.0,1517.5,1544.5,1540.5,1567.5,1567.5
2025-04-22,1575.5,1163.0,1162.0,1177.0,1177.0,1195.0,1163.0
2025-04-23,1933.0,1389.0,1329.0,1329.0,1336.0,1339.5,1329.0
2025-04-24,1627.0,1283.5,1278.5,1297.0,1320.0,1322.5,1292.5
2025-04-25,1555.0,1108.0,1089.0,1170.0,1161.0,1089.0,1132.5
2025-04-26,1285.0,651.0,631.5,666.5,675.5,736.5,739.5
2025-04-27,933.0,647.5,645.5,697.0,798.0,672.0,662.0
2025-04-28,1821.5,1627.0,1597.5,1605.0,1602.5,1642.5,1654.0
2025-04-29,1778.5,1549.0,1524.5,1548.0,1598.5,1572.5,1568.5
2025-04-30,1678.5,1449.0,1449.0,1490.5,1487.5,1457.5,1468.0
2025-05-01,1547.5,1087.5,911.5,1087.5,946.0,1097.5,992.0
2025-05-02,1403.0,1017.5,722.0,744.5,747.5,746.5,747.5
2025-05-03,459.5,594.0,454.5,562.5,557.5,568.5,588.0
2025-05-04,644.0,544.0,525.5,544.0,543.0,530.0,544.0
2025-05-05,1224.5,1105.5,1097.0,1157.5,1176.5,1114.5,1122.0
2025-05-06,1572.5,1588.5,1556.0,1577.0,1578.0,1577.0,1577.0
2025-05-07,1695.0,1450.0,1419.0,1450.0,1420.0,1419.0,1419.0
2025-05-08,1736.0,1542.5,1523.0,1573.5,1581.5,1543.5,1543.5
2025-05-09,1366.0,914.5,902.5,1023.5,1023.5,927.0,1004.5
2025-05-10,891.0,677.5,560.0,685.5,584.5,619.0,605.5
2025-05-11,854.5,688.5,674.0,758.5,768.5,685.0,685.0
2025-05-12,1066.5,818.5,811.0,846.0,824.5,836.0,821.5
2025-05-13,1145.5,1019.0,901.5,943.0,948.0,1034.0,1076.0
2025-05-14,865.0,495.5,481.0,497.5,495.0,520.5,495.0
2025-05-15,1219.5,919.0,861.5,894.0,907.0,919.0,869.0
2025-05-16,728.5,749.5,712.5,745.0,747.5,747.5,800.0
2025-05-17,944.0,781.0,625.5,689.0,688.0,723.5,664.0
2025-05-18,1198.0,1131.0,1113.0,1134.0,1166.5,1123.5,1116.5
2025-05-19,1444.0,1378.5,1360.0,1382.5,1381.5,1400.5,1400.5
2025-05-20,1577.0,1263.5,1148.5,1197.5,1185.5,1197.5,1155.5
2025-05-21,1030.5,628.5,561.0,590.0,562.0,568.0,569.0
2025-05-22,1072.5,978.5,929.0,929.0,931.5,943.0,936.0
2025-05-23,1083.0,574.5,437.5,458.0,465.5,460.5,457.5
2025-05-24,474.0,366.5,357.5,379.5,377.5,386.0,388.5
2025-05-25,494.0,426.5,412.5,487.0,466.5,482.0,494.0
2025-05-26,537.5,361.0,337.0,381.0,381.0,391.0,381.0
2025-05-27,1143.0,677.5,573.5,687.5,677.5,725.0,690.0
2025-05-28,1241.0,603.5,426.0,479.5,532.5,462.5,463.5
2025-05-29,365.0,379.5,361.0,382.0,382.0,395.5,374.5
2025-05-30,1294.0,1061.0,642.5,883.5,831.0,758.5,655.5
2025-05-31,844.0,488.0,476.5,524.0,520.5,491.0,501.5
2025-06-01,514.0,462.5,429.5,442.0,459.5,499.0,499.0
2025-06-02,877.0,571.5,381.5,601.0,581.0,470.5,504.0
2025-06-03,597.5,636.0,572.0,625.5,613.5,589.5,607.0
2025-06-04,953.0,557.5,554.0,575.0,584.0,570.0,577.0
2025-06-05,1191.5,706.5,525.0,583.5,569.5,543.5,537.5
2025-06-06,1253.5,1088.5,1046.5,1090.5,1171.0,1048.5,1066.0
2025-06-07,990.0,595.0,481.0,595.0,556.5,486.5,492.5
2025-06-08,1016.5,735.0,636.0,723.0,721.0,734.5,683.0
2025-06-09,1030.5,450.5,428.5,439.0,447.0,432.0,434.5
2025-06-10,1549.0,1566.0,1445.5,1492.5,1485.5,1510.0,1495.5
2025-06-11,1128.5,666.5,540.5,662.5,561.5,579.0,614.0
2025-06-12,1076.0,1017.5,996.5,1023.5,1031.0,1063.0,1063.0
2025-06-13,1477.0,975.0,806.5,810.0,824.0,838.0,838.0
2025-06-14,611.5,607.0,587.0,746.5,766.5,724.5,656.0
2025-06-15,1023.0,625.0,606.5,626.5,624.5,977.0,683.5
2025-06-16,1009.0,610.0,610.0,641.0,693.0,642.0,636.0
2025-06-17,1314.5,1053.0,1026.0,1045.5,1043.5,1055.0,1043.5
2025-06-18,1425.5,1606.5,1414.0,1519.0,1519.0,1514.0,1448.0
2025-06-19,1279.0,820.5,810.0,827.5,855.0,837.5,939.0
2025-06-20,1230.0,800.5,569.0,692.5,585.0,576.0,641.0
2025-06-21,968.0,461.0,449.0,466.5,466.5,466.5,473.0
2025-06-22,546.0,442.5,429.5,493.0,468.0,453.5,478.0
2025-06-23,648.0,467.5,417.0,462.0,461.5,431.0,479.0
2025-06-24,649.0,810.5,649.0,883.5,805.5,657.0,770.0
2025-06-25,1593.5,976.5,782.5,831.0,785.0,831.0,785.0
2025-06-26,631.0,655.5,574.5,775.5,669.0,582.0,639.0
2025-06-27,660.0,544.5,454.5,559.5,517.0,520.5,551.5
2025-06-28,769.0,569.0,569.0,655.0,726.5,735.5,721.5
2025-06-29,1263.0,1132.5,1066.0,1083.0,1091.5,1081.0,1087.5
2025-06-30,1349.0,1314.5,1293.5,1377.5,1331.0,1320.5,1314.5
2025-07-01,1471.5,1798.5,1471.5,1698.0,1738.0,1702.0,1731.0
2025-07-02,1191.0,798.5,765.5,773.5,791.0,778.0,778.0
2025-07-03,1171.5,963.0,821.5,821.5,821.5,824.0,830.0
2025-07-04,652.5,603.0,487.0,626.0,612.0,603.0,546.0
2025-07-05,509.0,591.5,509.0,642.5,642.0,621.5,609.0
2025-07-06,1190.0,831.5,513.0,599.0,554.0,516.5,516.5
2025-07-07,898.5,483.5,456.0,489.5,501.5,551.5,462.5
2025-07-08,1249.0,1190.0,1137.0,1156.5,1171.0,1153.5,1169.0
2025-07-09,1440.0,1418.0,1373.0,1426.0,1433.5,1422.5,1427.5
2025-07-10,1494.5,1534.5,1468.0,1509.5,1509.5,1508.5,1515.5
2025-07-11,1372.5,1439.0,1102.5,1131.5,1210.0,1133.0,1134.5
2025-07-12,1169.0,988.0,740.5,871.5,779.0,1052.0,947.0
2025-07-13,1319.0,1033.5,956.5,959.0,960.0,970.5,977.5
2025-07-14,663.0,679.5,601.0,666.5,619.0,635.5,670.5
2025-07-15,786.0,570.5,556.5,556.5,574.0,560.0,563.0
2025-07-16,1603.0,1559.5,1490.0,1518.5,1514.5,1518.5,1520.5
2025-07-17,1380.0,1386.0,1252.5,1294.5,1258.0,1375.5,1386.0
2025-07-18,1286.0,1301.0,1226.0,1274.0,1257.0,1307.5,1310.5
2025-07-19,1167.5,991.0,808.5,886.0,818.5,808.5,821.0
2025-07-20,1308.0,970.0,970.0,1005.0,1121.0,991.0,995.5
2025-07-21,1373.0,1172.0,1062.5,1070.0,1067.5,1070.0,1067.5
2025-07-22,1328.0,1199.0,1078.5,1106.0,1098.5,1231.5,1263.5
2025-07-23,1347.0,1064.0,941.5,996.0,996.0,950.5,949.5
2025-07-24,1408.0,1403.5,1249.0,1251.5,1251.5,1266.5,1266.5
2025-07-25,1342.5,1129.5,981.5,1017.0,1028.5,1036.0,1137.5
2025-07-26,1173.5,1055.5,744.5,914.5,914.5,750.0,790.0
2025-07-27,1214.5,799.5,753.0,783.0,783.0,784.0,781.5
2025-07-28,1344.0,1210.5,1177.0,1210.5,1195.5,1271.5,1289.5
2025-07-29,1572.0,1251.5,1178.0,1196.0,1191.0,1183.0,1322.0
2025-07-30,1308.5,863.0,827.0,856.5,837.0,828.0,856.5
2025-07-31,1109.5,729.0,549.0,600.5,579.5,571.5,561.5
2025-08-01,776.0,517.5,516.5,534.5,554.5,559.0,535.5
2025-08-02,982.5,674.5,652.5,664.0,664.0,674.0,659.0
2025-08-03,926.5,981.0,723.0,723.0,728.0,859.0,859.0
2025-08-04,455.5,581.5,453.5,551.5,549.5,505.0,476.5
2025-08-05,703.5,587.5,579.0,594.5,589.5,692.5,688.5
2025-08-06,1150.5,689.5,634.0,634.0,644.0,650.0,664.0
2025-08-07,985.5,650.5,636.5,690.5,683.0,724.5,700.5
2025-08-08,992.0,777.5,725.5,740.0,750.5,751.5,731.5
2025-08-09,774.0,793.5,711.5,891.0,819.0,753.5,741.0
2025-08-10,1045.0,1006.0,957.5,976.5,962.5,1021.0,1021.0
2025-08-11,1668.5,1342.5,1270.5,1295.0,1271.5,1332.5,1350.0
2025-08-12,1673.5,1703.5,1650.5,1738.5,1712.5,1750.5,1737.5
2025-08-13,1564.5,1292.0,1228.0,1292.0,1284.0,1288.0,1277.5
2025-08-14,1492.0,1334.0,1259.0,1290.0,1280.0,1325.0,1309.5
2025-08-15,1382.5,1164.5,1028.5,1055.5,1039.0,1059.5,1059.5
2025-08-16,1336.5,1070.5,964.5,1005.0,1005.0,974.0,984.0
2025-08-17,1308.5,1345.0,1283.0,1359.0,1347.0,1329.0,1301.0
2025-08-18,1710.5,1362.5,1261.5,1321.0,1361.5,1362.5,1343.5
2025-08-19,1248.0,710.5,710.5,755.5,734.5,773.0,788.0
2025-08-20,1342.5,1222.0,1209.0,1246.5,1245.5,1218.5,1218.5
2025-08-21,1438.0,1451.0,1405.5,1441.0,1442.5,1477.5,1441.0
2025-08-22,1594.5,1413.0,1396.0,1480.5,1455.0,1487.5,1457.0
2025-08-23,1575.0,1483.0,1348.5,1359.0,1372.0,1371.5,1373.5
2025-08-24,1414.0,1281.0,1175.5,1177.5,1216.0,1187.5,1212.0
2025-08-25,1100.0,617.5,523.0,565.5,544.0,721.5,610.5
2025-08-26,1405.5,1172.5,1122.0,1165.5,1200.5,1242.5,1204.0
2025-08-27,1166.0,1015.0,988.5,1098.0,1136.5,1098.0,1015.0
2025-08-28,947.0,578.5,573.5,617.0,624.0,592.5,585.0
2025-08-29,1302.5,848.0,833.0,1022.5,1022.5,972.5,972.5
2025-08-30,481.5,506.5,453.5,620.5,625.5,464.0,490.5
2025-08-31,561.5,530.0,509.5,517.0,515.0,556.5,556.5
2025-09-01,784.0,591.5,540.0,591.5,599.0,550.0,585.5
2025-09-02,1461.0,934.0,835.0,938.5,931.0,936.5,938.5
2025-09-03,961.5,564.5,557.5,631.0,606.0,567.5,564.5
2025-09-04,1317.5,889.0,802.0,850.0,844.0,879.0,861.0
2025-09-05,1611.5,1111.5,788.5,934.5,910.5,896.5,896.5
2025-09-06,493.5,524.0,397.5,495.5,514.5,491.5,491.5
2025-09-07,576.5,553.5,510.5,561.5,733.0,593.5,519.0
2025-09-08,1493.0,1302.0,1281.0,1332.0,1321.5,1326.5,1328.5
2025-09-09,1419.5,494.0,476.5,499.5,494.0,478.5,502.0
2025-09-10,688.5,426.5,408.0,453.0,465.5,438.0,465.5
2025-09-11,717.0,419.5,396.5,398.5,398.5,419.5,423.0
2025-09-12,889.0,488.0,481.0,492.5,489.0,521.0,507.0
2025-09-13,1017.5,713.0,668.0,756.0,755.0,688.0,686.0
2025-09-14,582.5,442.0,434.0,479.5,492.5,465.5,442.0
2025-09-15,523.5,454.5,425.0,448.0,448.0,442.5,440.0
2025-09-16,986.5,694.0,639.5,697.5,695.5,672.5,671.5
2025-09-17,661.5,606.0,573.5,627.5,634.5,609.0,630.5
2025-09-18,896.0,507.5,464.5,480.5,503.0,514.5,512.0
2025-09-19,1561.0,1126.5,870.5,979.0,961.5,870.5,1046.0
2025-09-20,869.5,620.0,551.5,681.0,628.5,599.0,615.0
2025-09-21,963.0,605.0,573.5,590.5,581.0,619.0,576.0
2025-09-22,1512.5,1278.5,1277.5,1330.5,1315.5,1300.0,1298.5
2025-09-23,1808.0,1288.5,1266.0,1328.5,1335.5,1280.5,1271.5
2025-09-24,1488.0,1032.0,1028.5,1035.5,1035.5,1040.5,1036.5
2025-09-25,1353.5,712.5,712.5,765.5,765.5,777.5,744.0
2025-09-26,1543.0,894.0,841.0,848.0,846.0,841.0,841.0
2025-09-27,1256.5,1127.5,1088.0,1173.5,1169.5,1088.0,1088.0
2025-09-28,2046.5,1846.0,1796.5,1807.0,1846.0,1892.0,1892.0
2025-09-29,1907.5,1394.0,1357.5,1386.0,1402.0,1421.0,1424.0
2025-09-30,1726.5,1047.0,1008.0,1016.0,1011.5,1023.0,1023.0
2025-10-01,1572.0,686.5,671.5,736.0,743.5,686.5,711.5
2025-10-02,925.0,592.5,526.5,536.0,550.0,635.0,564.5
2025-10-03,663.0,544.5,485.5,547.0,547.0,485.5,485.5
2025-10-04,498.0,440.0,420.5,454.5,454.5,454.5,431.0
2025-10-05,705.0,479.5,473.0,575.0,582.0,532.5,498.5
2025-10-06,1473.5,1015.5,893.5,1058.0,937.0,913.5,1029.0
2025-10-07,1815.0,1477.5,1437.5,1442.0,1440.0,1505.5,1460.0
2025-10-08,1839.5,1007.5,962.0,978.5,978.5,1045.0,1035.0
2025-10-09,1713.0,1148.0,1093.5,1128.5,1116.0,1107.5,1101.5
2025-10-10,1717.5,1539.0,1461.5,1479.0,1479.0,1493.5,1502.5
2025-10-11,1965.0,1783.0,1777.0,1792.0,1792.0,1794.5,1788.5
2025-10-12,2119.0,1866.5,1861.5,1886.0,1894.5,1892.0,1892.0
2025-10-13,2166.0,2072.5,1988.5,2039.0,2058.5,2083.5,2096.5
2025-10-14,2035.0,1896.5,1837.5,1873.5,1848.0,1928.0,1941.0
2025-10-15,2019.5,1656.5,1568.5,1656.5,1627.5,1676.0,1568.5
2025-10-16,2096.5,1769.5,1721.0,1729.5,1722.0,1753.0,1753.0
2025-10-17,2014.0,1508.0,1367.5,1367.5,1369.5,1375.0,1368.5
2025-10-18,1062.0,490.0,428.5,445.5,439.5,471.5,447.0
2025-10-19,701.5,582.5,524.5,579.0,589.0,538.5,538.5
2025-10-20,1550.5,966.5,703.5,833.0,833.0,1012.0,1058.0
2025-10-21,852.5,479.5,452.5,462.0,513.5,457.0,480.5
2025-10-22,1919.0,1003.0,533.5,607.0,569.5,559.0,559.0
2025-10-23,603.0,415.5,396.5,404.5,404.5,415.5,426.5
2025-10-24,591.5,415.5,408.0,433.0,433.0,433.0,433.0
2025-10-25,558.5,476.0,426.0,438.5,441.0,462.0,475.5
2025-10-26,366.0,287.0,268.5,282.0,287.0,285.5,273.0
2025-10-27,1421.0,361.5,329.0,413.5,489.5,340.5,360.5
2025-10-28,845.0,407.0,393.0,449.0,395.5,407.0,395.5
2025-10-29,1514.5,731.5,686.5,733.5,745.5,742.0,737.0
2025-10-30,874.5,501.5,500.5,526.0,524.5,531.0,506.5
2025-10-31,556.5,375.5,344.0,391.5,400.5,395.5,429.0
2025-11-01,843.0,521.0,510.5,523.0,528.0,567.0,575.0
2025-11-02,889.0,528.5,448.0,493.5,476.0,448.0,450.0
2025-11-03,590.5,509.0,449.0,477.5,456.0,453.5,460.5
2025-11-04,935.5,566.0,462.5,528.5,492.5,566.0,564.5
2025-11-05,1178.0,950.0,859.0,1037.0,1014.0,875.5,866.5
2025-11-06,1973.5,1574.0,1473.0,1500.0,1500.0,1496.5,1501.0
2025-11-07,1683.0,1374.5,1318.5,1374.5,1369.0,1368.5,1368.5
2025-11-08,1711.5,1122.5,1033.0,1043.5,1094.5,1094.0,1094.0
2025-11-09,1540.5,684.0,644.5,647.0,647.0,702.0,689.0
2025-11-10,1465.5,760.5,661.5,670.0,671.0,689.5,670.0
2025-11-11,651.5,346.5,332.5,352.0,361.0,346.5,346.5
2025-11-12,1263.5,501.0,398.5,467.5,469.5,489.5,457.0
2025-11-13,1504.0,472.5,421.5,553.0,553.0,421.5,421.5
2025-11-14,699.0,463.5,368.0,408.5,414.5,431.5,462.5
2025-11-15,1331.5,963.0,871.5,940.5,938.5,946.5,938.0
2025-11-16,1436.5,581.5,388.5,438.0,417.0,418.0,482.0
2025-11-17,1690.0,1319.5,1180.5,1218.0,1219.0,1240.0,1256.5
2025-11-18,1627.0,641.0,593.0,596.5,614.0,645.5,625.0
2025-11-19,1399.0,708.5,678.5,728.5,740.5,735.5,730.5
2025-11-20,1694.5,1705.5,1625.5,1696.0,1683.0,1748.5,1683.0
2025-11-21,1672.0,795.0,697.0,707.5,706.5,765.5,706.5
2025-11-22,1401.5,652.0,402.0,412.0,504.5,403.0,438.5
2025-11-23,839.0,454.0,402.0,500.0,407.0,438.5,438.5
2025-11-24,1369.5,776.5,724.0,781.0,781.0,727.0,727.0
2025-11-25,1774.0,1541.5,1501.5,1553.0,1521.5,1543.5,1564.0
2025-11-26,1494.0,659.0,513.0,564.0,615.5,536.5,533.5
2025-11-27,808.0,679.0,608.5,673.0,673.0,668.0,660.5
2025-11-28,777.5,485.5,457.0,502.5,502.5,520.5,508.0
2025-11-29,730.0,560.5,309.5,560.5,499.5,479.0,428.5
2025-11-30,1196.0,565.5,441.0,531.5,503.0,555.5,443.5
2025-12-01,1052.0,415.0,409.0,419.5,418.5,415.0,425.5
2025-12-02,1539.0,1202.0,1157.0,1217.5,1204.0,1169.5,1217.5
2025-12-03,1579.5,682.5,564.5,592.5,595.5,571.0,676.5
2025-12-04,1511.5,1240.0,1232.0,1260.5,1260.5,1242.0,1257.5
2025-12-05,915.5,472.5,413.5,422.0,413.5,496.0,500.0
2025-12-06,921.0,580.5,561.0,568.0,576.0,561.0,578.5
2025-12-07,604.0,492.0,350.5,428.0,428.0,418.5,418.5
2025-12-08,996.5,412.0,329.0,452.5,456.5,329.0,329.0
2025-12-09,697.0,374.0,338.0,392.5,382.0,373.0,513.0
2025-12-10,767.0,594.5,511.5,584.5,561.0,602.5,597.5
2025-12-11,1073.5,867.0,786.5,815.0,949.0,794.0,811.5
2025-12-12,1502.0,903.5,762.0,764.5,764.5,762.0,769.5
2025-12-13,878.0,576.0,469.5,560.5,560.5,495.0,550.0
2025-12-14,557.0,323.5,306.0,358.5,355.0,311.0,353.0
2025-12-15,1450.0,1028.0,1009.0,1085.0,1145.0,1014.0,1090.0
2025-12-16,1749.0,1327.5,1289.0,1394.0,1355.5,1355.5,1402.0
2025-12-17,992.0,371.0,332.5,342.0,342.0,352.5,355.5
2025-12-18,753.0,663.5,500.5,665.5,654.5,536.5,536.5
2025-12-19,986.0,781.5,753.0,850.0,872.0,755.5,755.5
2025-12-20,1150.0,749.5,657.0,750.5,767.5,716.5,683.0
2025-12-21,1141.5,491.5,420.5,445.0,442.5,450.5,493.5
2025-12-22,1430.5,817.5,681.0,723.0,713.0,723.0,685.0
2025-12-23,1051.0,563.5,396.0,452.0,449.5,411.0,423.5
2025-12-24,990.5,568.5,429.5,549.5,549.5,450.5,454.0
2025-12-25,620.5,484.5,461.5,469.0,505.0,533.5,487.0
2025-12-26,1224.5,872.5,662.5,686.5,706.5,677.0,675.0
2025-12-27,933.0,900.5,770.0,837.5,837.5,829.5,817.5
2025-12-28,1781.5,1375.5,1261.0,1276.0,1271.0,1261.0,1278.5
2025-12-29,1509.5,732.0,685.5,696.0,715.0,743.5,754.5
2025-12-30,1628.0,919.0,744.5,763.0,763.0,765.5,763.0
2025-12-31,1092.5,837.5,590.5,824.0,824.0,594.0,611.5
2026-01-01,631.5,464.0,346.0,441.0,441.0,430.0,443.0
2026-01-02,961.5,574.0,468.5,596.5,596.5,544.0,532.5
2026-01-03,954.0,576.0,450.0,525.5,525.5,483.5,480.0
2026-01-04,1560.0,1451.5,1423.5,1451.0,1452.0,1442.0,1442.0
2026-01-05,1858.0,1999.0,1768.0,2113.5,2039.5,2094.5,2106.5
2026-01-06,1526.0,834.5,743.5,803.5,807.0,807.0,783.5
2026-01-07,1676.5,1795.5,1676.5,1737.0,1737.0,1756.0,1758.5
2026-01-08,1617.5,981.0,897.0,898.0,908.0,921.5,911.5
2026-01-09,1376.5,931.5,924.5,972.5,960.5,929.5,925.5
2026-01-10,1765.5,1315.5,978.0,1065.0,1086.5,1035.0,996.0
2026-01-11,1063.5,759.0,655.0,728.0,724.5,720.0,725.0
2026-01-12,1178.0,621.0,574.5,681.5,743.0,586.5,576.5
2026-01-13,1398.5,1047.5,1021.5,1045.0,1074.5,1052.0,1077.0
2026-01-14,1552.0,616.5,477.5,487.0,487.0,500.0,491.0
2026-01-15,1723.5,1194.5,1137.0,1142.0,1142.0,1137.0,1143.0
2026-01-16,1693.5,1094.0,1059.0,1084.5,1085.5,1070.5,1067.0
2026-01-17,1901.0,1484.5,1312.5,1412.5,1461.5,1446.5,1485.5
2026-01-18,1713.0,1408.0,1309.5,1309.5,1338.0,1313.5,1313.5
2026-01-19,1788.5,1022.0,871.5,874.0,904.0,871.5,892.5
2026-01-20,1189.5,553.5,512.0,521.0,519.0,534.5,551.5
2026-01-21,808.0,399.5,369.0,416.0,385.0,418.5,409.5
2026-01-22,930.0,523.0,469.5,509.5,514.5,476.5,514.5
2026-01-23,707.5,491.5,372.5,400.5,382.0,399.5,375.5
2026-01-24,667.0,490.5,457.0,494.5,470.0,502.0,475.0
2026-01-25,1347.0,1221.5,1158.5,1216.5,1204.0,1204.0,1215.5
2026-01-26,1517.5,493.5,373.5,420.0,431.0,390.0,377.0
2026-01-27,1096.5,941.0,838.5,947.0,873.5,849.5,941.0
2026-01-28,1982.0,1255.0,1248.0,1290.5,1285.5,1279.0,1279.0
2026-01-29,1615.5,585.0,482.0,503.5,505.5,509.5,517.0
2026-01-30,776.0,485.5,461.5,469.0,507.5,472.5,490.0
2026-01-31,1379.0,938.5,698.0,748.5,838.5,813.0,911.0
2026-02-01,1695.5,1152.5,1030.5,1067.0,1067.0,1038.0,1035.5
2026-02-02,937.5,524.0,429.5,524.0,524.0,524.0,475.0
2026-02-03,1372.0,961.5,881.0,911.5,936.0,946.0,946.0
2026-02-04,1264.5,486.5,373.5,374.5,377.0,413.5,436.5
2026-02-05,1180.0,766.5,682.0,693.5,697.0,725.5,718.5
2026-02-06,1234.5,963.5,847.5,847.5,847.5,939.0,859.5
2026-02-07,1274.5,895.0,884.5,923.5,916.0,894.0,886.5
2026-02-08,1629.5,1264.5,1212.5,1226.0,1241.0,1215.5,1261.0
2026-02-09,1563.0,1079.5,913.0,930.5,930.5,928.5,1069.0
2026-02-10,1514.0,1068.5,1009.0,1013.0,1023.0,1031.5,1028.0
2026-02-11,1469.0,1149.0,955.0,961.0,961.0,1016.0,1076.0
2026-02-12,1646.0,1270.0,1178.0,1185.5,1180.5,1220.5,1249.0
2026-02-13,1651.0,1310.5,1271.5,1377.0,1396.5,1338.0,1324.5
2026-02-14,1891.5,780.0,484.5,619.0,598.5,549.0,540.5
2026-02-15,1282.0,593.0,548.5,549.5,557.0,570.5,553.5
2026-02-16,1264.5,642.5,625.0,649.5,637.5,649.5,642.0
2026-02-17,1988.5,1188.5,775.5,825.0,825.0,790.0,796.0
2026-02-18,1101.0,660.5,594.0,675.5,607.0,598.0,598.0
2026-02-19,1910.0,1405.5,1189.5,1200.5,1218.5,1223.0,1200.5
2026-02-20,840.0,435.5,392.0,450.0,446.0,435.5,435.5
2026-02-21,740.0,398.5,352.0,392.0,392.0,353.0,360.0
2026-02-22,676.5,322.5,312.0,358.5,333.0,333.0,330.5
2026-02-23,1466.5,1126.5,950.5,950.5,962.5,1094.5,1094.5
2026-02-24,1311.0,760.0,734.5,789.0,788.0,740.0,740.0
2026-02-25,1337.0,455.5,369.0,376.0,376.0,376.0,376.0
2026-02-26,649.5,544.0,454.5,610.5,582.5,503.0,491.0
2026-02-27,1557.0,1261.5,1161.0,1183.5,1203.0,1262.5,1297.5
2026-02-28,1503.0,623.5,369.0,399.5,396.0,369.0,372.5
2026-03-01,533.0,377.5,356.5,368.5,358.5,378.5,376.0
2026-03-02,1145.5,1150.5,913.0,1056.0,1058.0,1052.0,1052.0
2026-03-03,1858.5,1147.0,1108.0,1147.0,1150.5,1108.0,1110.0
2026-03-04,1469.5,592.0,536.0,553.5,536.0,578.0,553.5
2026-03-05,1421.5,1294.0,1169.0,1288.0,1294.0,1254.0,1274.0
2026-03-06,1830.0,1322.0,1220.5,1245.0,1235.0,1282.0,1240.0
2026-03-07,1755.5,1439.0,1412.5,1475.5,1474.0,1458.0,1479.5
2026-03-08,1763.5,1416.0,1385.0,1410.0,1402.0,1385.0,1385.0
2026-03-09,1747.0,1157.5,990.5,1008.0,990.5,1048.5,1019.5
2026-03-10,866.5,437.0,388.5,467.5,467.5,394.5,435.0
2026-03-11,906.5,573.0,404.5,605.5,628.5,502.5,415.0
2026-03-12,747.5,373.5,298.0,299.0,298.0,409.0,391.0
2026-03-13,1194.0,1011.5,978.0,1005.5,981.0,983.0,998.0
2026-03-14,1730.5,1118.0,631.0,712.0,901.0,715.0,730.5
2026-03-15,631.5,420.5,401.0,413.0,430.5,424.0,424.0
2026-03-16,1072.5,537.0,454.5,465.0,521.0,517.0,475.0
2026-03-17,901.0,754.0,543.5,640.0,645.0,612.0,636.5
2026-03-18,1577.0,1410.5,1345.0,1357.0,1360.0,1437.0,1462.5
2026-03-19,1748.0,1368.0,1318.5,1334.0,1335.5,1344.0,1361.5
2026-03-20,1666.0,1434.5,1373.5,1388.5,1406.5,1404.5,1434.5
2026-03-21,1557.5,982.0,809.0,843.0,845.0,850.0,843.0
2026-03-22,1510.5,1344.0,1297.0,1305.0,1307.0,1307.0,1303.0
2026-03-23,1293.5,572.0,419.0,544.0,507.0,488.0,486.0
2026-03-24,553.0,288.0,245.5,270.5,267.5,300.0,284.5
2026-03-25,685.5,545.0,439.5,499.0,550.5,529.0,476.0
2026-03-26,1476.5,1044.5,879.5,960.5,960.5,883.0,907.5
2026-03-27,1052.0,553.5,363.0,544.5,532.5,373.5,448.5
2026-03-28,837.0,557.0,427.5,471.0,526.5,841.5,659.5
2026-03-29,471.0,335.5,289.0,300.5,327.5,359.0,419.0
2026-03-30,958.0,633.0,485.5,641.5,645.5,610.0,907.0
2026-03-31,1582.0,1341.0,1309.5,1328.5,1350.5,1355.5,1346.0
2026-04-01,1401.0,1158.5,994.5,1158.5,1158.5,1131.0,1161.0
2026-04-02,1223.0,708.0,517.5,705.0,640.0,601.5,634.5
2026-04-03,413.0,447.0,380.5,411.0,421.5,402.0,391.0
2026-04-04,605.5,416.5,346.0,387.0,388.0,366.5,371.5
2026-04-05,509.0,608.5,504.0,564.5,571.5,516.0,516.0
2026-04-06,718.0,448.0,444.5,463.0,462.0,448.0,448.0
2026-04-07,694.0,582.5,550.5,575.0,575.0,585.5,585.5
2026-04-08,1274.5,903.0,878.5,892.5,897.0,886.5,890.0
2026-04-09,535.5,344.0,268.5,355.5,355.5,351.0,302.0
2026-04-10,982.0,564.5,356.5,369.5,469.5,369.5,365.5
2026-04-11,540.5,489.5,412.5,552.0,557.0,468.5,451.0
2026-04-12,1087.5,1144.5,1065.5,1151.5,1151.5,1086.5,1087.5
2026-04-13,1478.0,1420.5,1402.0,1407.0,1452.5,1445.5,1423.0
2026-04-14,1107.0,583.0,555.0,590.0,566.5,603.5,601.0
2026-04-15,685.0,601.0,536.0,592.5,588.5,542.0,536.0
2026-04-16,1179.0,772.0,740.5,923.5,923.5,766.0,766.0
2026-04-17,816.0,703.5,631.5,743.0,729.5,658.0,703.5
2026-04-18,993.5,734.0,621.5,753.5,754.5,795.5,752.5
2026-04-19,1273.0,1186.5,1049.0,1133.0,1188.5,1090.5,1235.5
2026-04-20,1162.5,669.0,606.5,614.0,625.5,621.5,625.5
2026-04-21,622.5,533.5,510.5,514.5,513.5,510.5,515.5
2026-04-22,610.0,604.0,548.0,572.5,573.5,565.5,568.5
2026-04-23,1104.5,1187.0,1097.5,1166.0,1166.0,1147.0,1148.5
2026-04-24,1330.0,1327.5,1099.0,1213.0,1386.0,1290.0,1290.0
2026-04-25,1181.5,919.0,659.5,789.0,766.5,1036.5,1083.0
2026-04-26,1351.5,1285.5,1269.5,1299.5,1271.5,1308.0,1337.5
2026-04-27,1345.5,884.0,666.0,936.5,768.5,742.5,716.5
2026-04-28,663.0,603.0,508.0,592.0,597.0,603.0,599.5
2026-04-29,410.0,342.0,329.0,339.5,338.5,340.5,340.5
2026-04-30,561.0,395.0,373.5,386.0,386.0,393.0,378.0
2026-05-01,1193.0,869.5,818.0,856.5,837.5,853.0,864.0
2026-05-02,1468.0,1090.5,909.5,953.0,939.5,936.0,941.0
2026-05-03,1564.5,1391.0,1348.5,1402.5,1402.5,1409.5,1398.5
2026-05-04,1564.5,1549.5,1489.0,1525.0,1548.0,1536.5,1524.0
2026-05-05,1373.5,1208.5,1135.5,1211.0,1229.5,1226.0,1206.5
2026-05-06,1484.0,1370.0,1346.0,1384.0,1381.0,1379.0,1384.0
2026-05-07,1429.5,1480.5,1425.5,1488.5,1503.5,1482.5,1522.0
2026-05-08,1475.5,1293.5,1072.5,1301.0,1293.5,1078.5,1143.5
2026-05-09,1183.5,895.5,593.5,654.0,629.5,647.0,647.0
2026-05-10,946.5,899.5,795.0,854.0,868.0,848.0,854.0
2026-05-11,969.5,763.5,601.0,601.0,608.0,706.0,800.5
2026-05-12,961.0,598.5,594.0,653.0,634.0,720.0,712.0
2026-05-13,1302.5,738.0,693.5,719.0,715.0,722.0,724.5
2026-05-14,1151.5,896.0,705.0,715.5,715.5,718.0,723.0
2026-05-15,1143.5,1227.5,1101.5,1157.0,1122.0,1143.5,1141.5
2026-05-16,1341.0,826.5,701.5,705.0,705.5,713.5,703.5
2026-05-17,1336.5,1581.0,1336.5,1600.5,1593.0,1606.5,1610.5
2026-05-18,1343.0,498.5,405.5,410.5,408.0,416.5,590.0
2026-05-19,671.5,458.5,414.5,470.0,467.0,456.5,426.0
2026-05-20,949.5,863.5,745.0,811.0,787.5,863.5,794.5
2026-05-21,1293.5,1208.5,934.0,1082.5,1094.5,1094.5,1087.0
2026-05-22,1064.5,766.0,738.0,885.5,780.0,771.5,771.5
2026-05-23,1293.0,1352.0,1151.5,1261.5,1269.5,1235.5,1247.0
2026-05-24,1326.5,1242.0,1050.0,1105.5,1113.0,1281.5,1284.5
2026-05-25,1232.5,1335.0,1229.5,1339.0,1333.0,1335.5,1334.0
2026-05-26,1447.0,1129.0,966.5,1019.0,1007.5,973.5,1001.0
2026-05-27,991.5,885.5,769.0,796.0,774.5,812.0,939.5
2026-05-28,878.5,650.0,649.0,769.0,729.0,709.5,781.5
2026-05-29,1303.0,1274.0,1269.5,1373.0,1380.0,1303.0,1328.5
2026-05-30,1252.0,1255.5,974.0,974.0,974.0,1304.5,1138.0
2026-05-31,1343.5,1504.0,1314.5,1438.5,1448.5,1353.5,1343.5
2026-06-01,1460.5,1357.5,1327.5,1549.0,1462.5,1327.5,1333.5
2026-06-02,1435.0,904.0,901.5,925.0,982.5,995.0,1002.0
2026-06-03,470.5,573.5,469.5,520.0,530.0,571.5,573.5
2026-06-04,521.5,500.5,481.0,506.5,482.0,523.5,519.5
2026-06-05,1299.0,1088.0,544.5,631.5,680.0,565.5,565.5
2026-06-06,919.5,709.5,589.5,711.5,682.5,682.5,597.0
2026-06-07,889.0,894.5,859.0,916.5,904.5,891.0,897.0
2026-06-08,1371.5,832.5,709.5,795.0,786.5,805.5,802.5
2026-06-09,908.5,886.0,853.5,931.5,944.5,929.5,907.0
2026-06-10,1446.0,1309.0,1297.0,1311.0,1308.5,1315.5,1308.5
2026-06-11,895.0,488.0,485.5,534.5,502.0,515.0,514.5
2026-06-12,542.0,675.0,421.5,643.0,731.0,668.0,720.0
2026-06-13,449.0,680.0,449.0,738.0,698.5,567.5,603.5
2026-06-14,1083.5,1018.5,992.5,1097.0,1055.5,1010.0,1010.0
2026-06-15,1441.5,1574.5,1441.5,1597.5,1634.5,1563.5,1560.5
2026-06-16,1357.0,1331.5,1138.0,1296.5,1273.0,1150.0,1150.0
2026-06-17,1220.5,1445.0,1218.0,1391.0,1394.5,1426.5,1426.5
2026-06-18,1343.0,1122.5,965.0,965.0,1125.5,1157.5,1118.5
2026-06-19,1247.5,1284.5,1128.5,1140.5,1140.5,1143.5,1240.5
2026-06-20,1497.5,1632.5,1232.5,1232.5,1232.5,1449.5,1232.5
2026-06-21,1402.5,1498.0,1308.5,1421.5,1380.5,1366.5,1366.5
2026-06-22,1516.0,1584.0,1511.0,1579.5,1614.5,1611.0,1547.5
2026-06-23,1644.0,1764.5,1617.0,1789.0,1774.5,1755.5,1683.0
2026-06-24,1651.5,1840.5,1638.0,1918.5,1830.0,1695.5,1658.5
2026-06-25,1299.5,1475.0,1296.5,1657.0,1483.0,1568.0,1462.5
2026-06-26,1453.5,1608.5,1315.5,1435.0,1435.0,1418.0,1423.0
2026-06-27,1230.5,1143.0,623.0,635.5,733.0,623.0,623.0
2026-06-28,1174.5,1223.0,1148.5,1227.0,1205.5,1174.5,1249.0
2026-06-29,1647.5,1889.0,1647.5,2033.5,1910.0,1861.5,1892.5
2026-06-30,1766.5,1882.0,1757.5,1913.0,1909.5,1888.5,1812.0
2026-07-01,1243.0,642.0,556.5,614.0,614.0,645.0,677.5
2026-07-02,793.5,657.0,642.0,682.0,682.0,793.5,793.5
2026-07-03,916.0,741.0,500.5,528.5,517.0,528.5,528.5
2026-07-04,466.0,507.5,462.5,504.0,519.0,606.5,642.5
2026-07-05,923.5,710.5,517.0,572.0,549.5,588.0,549.5
2026-07-06,901.5,745.5,598.5,669.5,851.5,626.5,598.5
2026-07-07,1325.0,1516.0,1325.0,1512.5,1481.5,1479.0,1479.0
2026-07-08,1535.5,1843.5,1535.5,1560.5,1682.5,1562.5,1535.5
2026-07-09,1517.0,1819.5,1517.0,1543.0,1543.0,1816.0,1784.5
2026-07-10,1472.0,1520.0,1287.0,1289.0,1289.0,1299.0,1487.0
2026-07-11,1074.0,951.5,722.0,726.5,726.5,726.5,727.5
2026-07-12,686.0,894.5,686.0,783.5,780.0,686.0,696.0
2026-07-13,1041.0,1263.5,994.5,1234.0,1215.0,1226.5,1226.5
2026-07-14,1332.0,1432.5,1328.0,1336.0,1336.5,1460.0,1402.5
2026-07-15,1514.0,1752.0,1514.0,1534.0,1533.0,1774.5,1741.5
2026-07-16,1574.5,1864.5,1574.5,1574.5,1596.5,1832.0,1670.0
2026-07-17,1405.0,1225.5,709.5,721.5,721.5,721.5,721.5
2026-07-18,630.5,667.5,541.5,678.0,632.5,683.0,683.0
2026-07-19,782.0,879.5,768.5,787.0,781.5,787.0,788.0
2026-07-20,1256.5,1336.5,1193.0,1240.0,1313.0,1311.5,1311.5
2026-07-21,1193.5,1234.0,1129.0,1151.0,1197.5,1262.0,1262.0
2026-07-22,1198.5,1272.0,1000.0,1102.5,1210.5,1238.5,1249.5
2026-07-23,1148.5,1238.5,1133.5,1202.0,1251.0,1271.5,1224.0
2026-07-24,1064.5,963.5,830.5,835.5,835.5,835.5,835.5
2026-07-25,531.0,685.0,521.0,558.5,555.5,529.0,529.0
2026-07-26,606.0,598.5,578.0,599.0,622.0,623.0,595.5
2026-07-27,1142.5,1092.5,697.0,1016.5,831.5,1177.5,1160.5
2026-07-28,1264.0,1250.0,1205.0,1234.5,1237.0,1260.0,1260.0
2026-07-29,1535.5,1404.5,1299.0,1380.0,1316.5,1472.5,1512.5
2026-07-30,1428.0,1533.5,1425.0,1549.5,1443.5,1558.0,1496.0
2026-07-31,1224.0,1330.5,897.0,897.0,905.0,1277.5,901.0
2026-08-01,1140.0,1272.5,1079.5,1113.0,1108.0,1269.0,1149.0
2026-08-02,1270.5,1225.5,1066.0,1071.5,1071.5,1177.0,1157.0
2026-08-03,1198.5,1273.0,1186.5,1342.0,1362.0,1342.0,1298.5
2026-08-04,1031.5,797.5,441.0,442.0,494.5,461.0,452.5
2026-08-05,537.5,673.0,447.5,704.0,708.0,495.0,470.0
2026-08-06,1351.5,1311.5,1140.5,1265.0,1269.0,1284.5,1284.5
2026-08-07,1282.5,1026.5,826.0,831.0,826.0,887.0,831.0
2026-08-08,963.5,626.5,561.0,635.5,623.5,625.5,625.5
2026-08-09,1251.5,1161.0,1108.5,1135.0,1180.5,1159.0,1142.0
2026-08-10,1404.0,1368.5,1275.0,1345.0,1352.5,1390.0,1407.0
2026-08-11,1168.0,1032.0,947.0,957.5,964.0,1034.5,1010.5
2026-08-12,1471.5,1515.5,1465.5,1610.0,1471.0,1711.5,1735.0
2026-08-13,1601.0,1743.0,1566.0,1606.0,1610.0,1634.5,1823.0
2026-08-14,1534.5,1375.0,986.0,1123.5,1116.5,986.0,986.0
2026-08-15,1341.0,1553.0,1335.0,1471.0,1471.0,1335.0,1340.0
2026-08-16,1651.0,1875.5,1651.0,1927.0,1930.0,1875.5,1865.0
2026-08-17,1641.0,1423.5,1256.0,1315.5,1311.5,1296.5,1380.5
2026-08-18,1427.5,1633.5,1426.5,1606.0,1595.5,1596.5,1596.5
2026-08-19,1484.0,1437.5,1398.0,1483.0,1498.0,1500.5,1496.5
2026-08-20,1325.5,1334.5,1289.0,1348.0,1341.0,1405.5,1404.5
2026-08-21,1142.5,623.0,505.0,536.0,515.0,533.0,630.0
2026-08-22,946.0,897.0,846.5,875.0,874.5,881.0,874.0
2026-08-23,1323.0,1289.5,1201.0,1209.0,1257.0,1215.0,1264.5
2026-08-24,991.5,588.0,521.5,548.0,543.5,568.0,567.0
2026-08-25,954.0,736.0,722.0,755.0,765.0,732.0,755.5
2026-08-26,1211.5,724.0,709.5,762.5,723.0,727.0,737.5
2026-08-27,1675.5,1302.5,1138.0,1249.5,1227.0,1249.5,1277.5
2026-08-28,769.0,530.5,520.0,625.0,640.0,532.5,523.5
2026-08-29,1267.0,907.0,807.5,871.0,836.0,901.5,864.0
2026-08-30,1011.0,684.5,642.0,710.0,669.0,689.0,702.5
2026-08-31,1002.5,582.0,462.5,512.5,467.0,827.5,552.5
2026-09-01,1232.0,1290.5,1220.0,1272.0,1276.5,1298.0,1270.0
2026-09-02,1157.0,522.5,452.5,577.5,612.0,571.5,580.5
2026-09-03,901.0,599.5,503.5,546.5,577.5,681.0,592.0
2026-09-04,751.0,583.5,445.5,543.0,561.5,548.0,551.0
2026-09-05,1106.5,651.0,503.5,559.5,559.5,503.5,504.5
2026-09-06,1022.0,462.5,378.0,418.5,497.5,502.5,459.5
2026-09-07,1154.0,820.0,622.5,720.5,632.0,643.0,643.5
2026-09-08,703.0,400.5,377.0,411.0,412.0,412.0,422.0
2026-09-09,1589.5,1231.0,1127.5,1153.0,1153.0,1172.0,1153.0
2026-09-10,1078.5,605.5,580.5,615.5,595.0,605.5,602.5
2026-09-11,1567.5,1016.5,867.5,875.5,875.5,1103.0,1128.0
2026-09-12,611.5,771.0,598.5,755.0,755.0,717.5,644.0
2026-09-13,1611.0,1573.0,1473.0,1503.0,1499.0,1577.5,1577.5
2026-09-14,1218.5,605.5,514.0,524.0,516.0,538.5,528.0
2026-09-15,1195.5,560.0,513.0,539.0,552.0,550.5,518.0
2026-09-16,1192.5,693.5,513.0,538.5,541.0,530.5,538.5
2026-09-17,767.0,535.0,482.0,489.5,488.5,484.0,505.0
2026-09-18,597.5,470.0,382.5,469.0,438.5,403.5,428.5
2026-09-19,778.5,463.0,451.0,457.0,537.5,621.5,515.5
2026-09-20,1249.0,1112.5,1030.5,1096.0,1084.0,1088.0,1062.0
2026-09-21,1710.5,1563.5,1501.5,1560.0,1540.0,1569.0,1574.0
2026-09-22,1807.5,1449.0,1068.0,1280.0,1307.0,1243.0,1532.5
2026-09-23,1341.0,1211.0,1150.5,1157.5,1157.5,1150.5,1153.0
2026-09-24,1356.5,846.5,814.5,909.0,907.0,866.0,894.5
2026-09-25,1651.0,1016.5,933.5,971.0,1007.5,965.5,950.0
2026-09-26,1304.5,929.5,783.0,783.0,783.0,783.0,829.5
2026-09-27,775.0,984.0,653.5,909.0,909.0,660.5,666.5
2026-09-28,1824.0,809.0,644.5,713.0,702.5,1023.5,978.5
