model,tod_block,n,mae,rmse
last_week,00-04,5094,55.4,70.8
last_week,04-08,5096,57.73,72.62
last_week,08-12,5096,51.8,65.18
last_week,12-16,5096,48.6,62.41
last_week,16-20,5096,52.69,66.27
last_week,20-24,5086,56.99,72.24
lgbm,00-04,5094,20.07,26.13
lgbm,04-08,5096,20.7,26.45
lgbm,08-12,5096,18.9,24.57
lgbm,12-16,5096,17.18,22.67
lgbm,16-20,5096,17.86,22.51
lgbm,20-24,5086,20.31,25.58
lgbm_noweather,00-04,5094,31.55,39.25
lgbm_noweather,04-08,5096,33.26,41.35
lgbm_noweather,08-12,5096,31.65,39.68
lgbm_noweather,12-16,5096,30.17,38.43
lgbm_noweather,16-20,5096,34.79,43.16
lgbm_noweather,20-24,5086,36.26,45.0
yesterday,00-04,5094,38.76,50.77
yesterday,04-08,5096,42.19,54.47
yesterday,08-12,5096,40.88,52.8
yesterday,12-16,5096,41.12,53.33
yesterday,16-20,5096,47.51,59.91
yesterday,20-24,5086,50.25,63.42
