model,local_hour,n,mae,rmse
price_da,0,1266,8.59,11.78
price_da,1,1268,9.07,12.61
price_da,2,1272,9.59,13.67
price_da,3,1270,10.13,14.55
price_da,4,1270,10.74,15.17
price_da,5,1270,11.73,15.95
price_da,6,1274,11.77,15.92
price_da,7,1274,11.29,15.69
price_da,8,1274,11.08,15.71
price_da,9,1270,12.41,18.49
price_da,10,1274,13.03,20.21
price_da,11,1265,13.92,21.7
price_da,12,1274,14.38,22.23
price_da,13,1271,14.91,27.37
price_da,14,1274,14.87,26.35
price_da,15,1274,15.91,32.8
price_da,16,1274,16.59,45.84
price_da,17,1274,16.47,55.42
price_da,18,1274,15.66,43.25
price_da,19,1274,12.93,25.1
price_da,20,1274,10.89,20.49
price_da,21,1274,9.88,17.8
price_da,22,1274,9.56,14.25
price_da,23,1252,8.89,12.19
price_da_basis7d,0,1266,9.22,12.52
price_da_basis7d,1,1268,9.61,13.13
price_da_basis7d,2,1272,10.23,14.25
price_da_basis7d,3,1270,10.67,15.0
price_da_basis7d,4,1270,11.2,15.5
price_da_basis7d,5,1270,12.29,16.52
price_da_basis7d,6,1274,12.27,16.31
price_da_basis7d,7,1274,12.16,16.41
price_da_basis7d,8,1274,11.8,16.47
price_da_basis7d,9,1270,13.12,19.32
price_da_basis7d,10,1274,13.86,21.22
price_da_basis7d,11,1265,14.64,22.7
price_da_basis7d,12,1274,15.1,23.26
price_da_basis7d,13,1271,15.71,28.27
price_da_basis7d,14,1274,15.66,27.24
price_da_basis7d,15,1274,16.74,33.64
price_da_basis7d,16,1274,17.34,46.36
price_da_basis7d,17,1274,17.4,55.81
price_da_basis7d,18,1274,16.48,43.72
price_da_basis7d,19,1274,13.65,25.87
price_da_basis7d,20,1274,11.77,21.14
price_da_basis7d,21,1274,10.81,18.41
price_da_basis7d,22,1274,10.65,15.33
price_da_basis7d,23,1252,9.59,13.06
price_last_week,0,1266,23.28,34.15
price_last_week,1,1268,24.48,36.15
price_last_week,2,1272,24.99,36.88
price_last_week,3,1270,25.98,38.07
price_last_week,4,1270,26.67,38.34
price_last_week,5,1270,27.27,38.4
price_last_week,6,1274,25.65,37.03
price_last_week,7,1274,26.19,38.13
price_last_week,8,1274,28.92,42.0
price_last_week,9,1270,32.58,47.4
price_last_week,10,1274,34.64,50.8
price_last_week,11,1265,36.57,53.49
price_last_week,12,1274,37.12,54.63
price_last_week,13,1271,37.63,60.35
price_last_week,14,1274,36.52,58.33
price_last_week,15,1274,36.0,65.16
price_last_week,16,1274,33.49,73.32
price_last_week,17,1274,30.08,75.76
price_last_week,18,1274,27.73,62.48
price_last_week,19,1274,23.38,39.79
price_last_week,20,1274,21.13,36.72
price_last_week,21,1274,19.34,31.87
price_last_week,22,1274,19.26,29.95
price_last_week,23,1252,22.17,32.7
price_lgbm,0,1266,8.87,12.03
price_lgbm,1,1268,9.34,12.83
price_lgbm,2,1272,9.88,13.95
price_lgbm,3,1270,10.34,14.7
price_lgbm,4,1270,10.94,15.36
price_lgbm,5,1270,11.98,16.24
price_lgbm,6,1274,11.44,15.48
price_lgbm,7,1274,11.02,15.45
price_lgbm,8,1274,11.06,15.74
price_lgbm,9,1270,12.05,17.95
price_lgbm,10,1274,13.08,20.0
price_lgbm,11,1265,14.03,21.57
price_lgbm,12,1274,14.51,22.28
price_lgbm,13,1271,14.9,27.56
price_lgbm,14,1274,15.04,26.82
price_lgbm,15,1274,15.96,33.57
price_lgbm,16,1274,16.39,45.15
price_lgbm,17,1274,16.23,54.01
price_lgbm,18,1274,14.89,41.51
price_lgbm,19,1274,12.38,23.72
price_lgbm,20,1274,10.78,20.44
price_lgbm,21,1274,9.82,17.56
price_lgbm,22,1274,9.07,13.79
price_lgbm,23,1252,9.17,12.5
price_yesterday,0,1266,18.95,28.99
price_yesterday,1,1268,19.54,29.79
price_yesterday,2,1272,19.73,30.03
price_yesterday,3,1270,20.88,31.3
price_yesterday,4,1270,21.21,31.7
price_yesterday,5,1270,22.71,33.19
price_yesterday,6,1274,23.08,34.18
price_yesterday,7,1274,25.5,38.2
price_yesterday,8,1274,27.04,40.75
price_yesterday,9,1270,28.81,43.24
price_yesterday,10,1274,33.25,49.03
price_yesterday,11,1265,34.21,50.36
price_yesterday,12,1274,34.73,51.25
price_yesterday,13,1271,35.27,57.18
price_yesterday,14,1274,34.08,55.56
price_yesterday,15,1274,34.01,63.16
price_yesterday,16,1274,31.03,71.48
price_yesterday,17,1274,27.91,75.05
price_yesterday,18,1274,26.69,62.61
price_yesterday,19,1274,22.25,40.51
price_yesterday,20,1274,19.87,37.09
price_yesterday,21,1274,17.67,31.19
price_yesterday,22,1274,17.52,28.32
price_yesterday,23,1252,20.72,31.25
