strategy,nights,mean_g_per_night,saving_vs_timer_pct,saving_vs_arrival_pct,gap_captured,gap_ci_low,gap_ci_high,mean_cost_gbp,mean_carbon_g,lam,scenario
model,627,0.6220308931419458,7.975681873871787,33.37548584474913,0.553512531010259,0.4950093394171205,0.6027329152353366,0.6220308931419458,913.3628389154705,0,default
day_ahead,627,0.6210765151515151,8.116874192086643,33.47770740743026,0.5633112815936202,0.5076360906369036,0.612720172599592,0.6210765151515152,912.799043062201,0,default
da_basis,627,0.6224070893141945,7.920026766360988,33.33519220744032,0.5496500650908406,0.48991184727342524,0.6017558825625321,0.6224070893141946,913.2240829346092,0,default
naive,627,0.6470172328548645,4.279159884529971,30.699247795730923,0.29697380810073937,0.21444639398921908,0.3600631474841951,0.6470172328548645,955.9401913875598,0,default
arrival,627,0.9336366666666668,-38.12381117210071,0.0,-2.6457934941909493,,,0.9336366666666666,1248.1188197767144,0,default
timer,627,0.6759418660287082,0.0,27.601186825491563,0.0,,,0.6759418660287081,954.506379585327,0,default
perfect,627,0.5785439393939393,14.40921646220864,38.03328853187651,1.0,,,0.5785439393939394,937.2264752791068,0,default
model,627,0.6196218500797448,8.332079839920947,29.656489491215176,0.5426745130088421,0.4814008299447434,0.5909800490502166,0.6196218500797448,907.2631578947369,0,plug_in_17:00
day_ahead,627,0.6185672966507177,8.48809228448555,29.776209269023678,0.5528357187346659,0.4949927391458718,0.6031827236629369,0.6185672966507177,907.9824561403509,0,plug_in_17:00
da_basis,627,0.6198246411483254,8.30207858111861,29.63346732751655,0.5407205088678593,0.48177094383846364,0.5939390177439876,0.6198246411483254,909.1323763955343,0,plug_in_17:00
naive,627,0.6558959489633173,2.965627382006175,25.538417386939173,0.19315350143250098,0.10152723741644315,0.26641679800154955,0.6558959489633174,954.951355661882,0,plug_in_17:00
arrival,627,0.880851475279107,-30.31467934576728,0.0,-1.9744174524304108,,,0.8808514752791068,1188.9465709728868,0,plug_in_17:00
timer,627,0.6759418660287082,0.0,23.262674242041893,0.0,,,0.6759418660287081,954.506379585327,0,plug_in_17:00
perfect,627,0.5721595534290271,15.353733481463816,35.044718719721466,1.0,,,0.5721595534290271,929.4011164274323,0,plug_in_17:00
model,627,0.6219933253588517,7.98123971619259,32.59491467200738,0.5602158966356641,0.4996133197922352,0.6101714917723062,0.6219933253588517,913.6507177033493,0,plug_in_19:00
day_ahead,627,0.6208943141945773,8.143829314427009,32.714013926427164,0.5716283188654752,0.5134398610235841,0.6227074684439587,0.6208943141945773,912.9035087719299,0,plug_in_19:00
da_basis,627,0.6222055103668261,7.949848701870432,32.57192029572593,0.5580125114649233,0.49699642401454186,0.6117792365412796,0.6222055103668261,913.4266347687401,0,plug_in_19:00
naive,627,0.645034601275917,4.572473803757326,30.09794387515907,0.32094920123975196,0.2420993771685543,0.3822673092357214,0.645034601275917,954.4736842105264,0,plug_in_19:00
arrival,627,0.922769138755981,-36.516050437507545,0.0,-2.563119598567866,,,0.9227691387559808,1262.103668261563,0,plug_in_19:00
timer,627,0.6759418660287082,0.0,26.748540058462478,0.0,,,0.6759418660287081,954.506379585327,0,plug_in_19:00
perfect,627,0.5796423125996811,14.246721244654658,37.1844713639732,1.0,,,0.579642312599681,936.7288676236045,0,plug_in_19:00
model,627,0.6219933253588517,7.98123971619259,29.408153726846344,0.561530959936446,0.5007475832248378,0.611840810224879,0.6219933253588517,913.6507177033493,0,plug_in_20:00
day_ahead,627,0.6208943141945773,8.143829314427009,29.532883726346203,0.572970171940945,0.5140585571969428,0.6240945747303146,0.6208943141945773,912.9035087719299,0,plug_in_20:00
da_basis,627,0.6222055103668261,7.949848701870432,29.384072228132887,0.5593224024901718,0.4982445697162132,0.6131206993968062,0.6222055103668261,913.4266347687401,0,plug_in_20:00
naive,627,0.6444358931419457,4.661047712855293,26.86108090415168,0.3279343422299542,0.25002588451805724,0.38804002690207107,0.6444358931419458,954.0940988835725,0,plug_in_20:00
arrival,627,0.8811121371610845,-30.353242112046132,0.0,-2.1355435729841163,,,0.8811121371610845,1231.3181818181818,0,plug_in_20:00
timer,627,0.6759418660287082,0.0,23.285375660971887,0.0,,,0.6759418660287081,954.506379585327,0,plug_in_20:00
perfect,627,0.5798678389154704,14.213356494352325,34.18909870158112,1.0,,,0.5798678389154704,936.4338118022329,0,plug_in_20:00
model,627,0.6219933253588517,7.98123971619259,24.090967789233886,0.5620876036661441,0.5007665426832341,0.612428737687997,0.6219933253588517,913.6507177033493,0,plug_in_21:00
day_ahead,627,0.620882288676236,8.145608390253745,24.22656043289988,0.5736634486985108,0.5147544762838725,0.6244094160006537,0.6208822886762361,912.8652312599681,0,plug_in_21:00
da_basis,627,0.6221934848484849,7.951627777697167,24.06654001400479,0.5600021502603244,0.49938031584786924,0.6138550762113665,0.6221934848484849,913.3883572567784,0,plug_in_21:00
naive,627,0.6440560925039872,4.717236071210706,21.39839339398214,0.33221654949354235,0.2544215862315077,0.3927524630191014,0.6440560925039872,953.2958532695375,0,plug_in_21:00
arrival,627,0.8193930382775119,-21.22241267457032,0.0,-1.4946118032342308,,,0.8193930382775121,1157.639553429027,0,plug_in_21:00
timer,627,0.6759418660287082,0.0,17.50700403195513,0.0,,,0.6759418660287081,954.506379585327,0,plug_in_21:00
perfect,627,0.5799629824561404,14.199280795619696,29.220416166177067,1.0,,,0.5799629824561404,936.1467304625199,0,plug_in_21:00
model,627,0.31001716108452954,8.461534404351479,33.25779455471161,0.536975578733831,0.47380235615291294,0.587515049982382,0.31001716108452954,456.14433811802235,0,energy_4kWh
day_ahead,627,0.31142699362041465,8.04525452284336,32.95427802541908,0.5105581324875431,0.4471858080181577,0.5653047407799778,0.31142699362041465,454.5980861244019,0,energy_4kWh
da_basis,627,0.3123462121212121,7.773837770248859,32.756383593334384,0.49333381348843336,0.4254223514972232,0.5499969122114183,0.3123462121212121,454.9704944178628,0,energy_4kWh
naive,627,0.3235569298245614,4.463660058793851,30.342878413399987,0.28326735185397145,0.19933772788008286,0.34867240801262256,0.3235569298245614,478.8444976076555,0,energy_4kWh
arrival,627,0.4644994258373206,-37.15229364226922,0.0,-2.3577135571991734,,,0.4644994258373206,619.3086124401914,0,energy_4kWh
timer,627,0.3386741945773524,0.0,27.088350224147607,0.0,,,0.3386741945773525,480.79824561403507,0,energy_4kWh
perfect,627,0.28530671451355666,15.757763927185419,38.57759587124264,1.0,,,0.28530671451355666,469.7607655502392,0,energy_4kWh
model,627,0.9342896969696969,7.086831018130479,33.14677795973678,0.5610092517780654,0.5024214815551148,0.6101399068800106,0.9342896969696969,1374.9832535885168,0,energy_12kWh
day_ahead,627,0.9322745055821372,7.287237614211373,33.290975244286884,0.5768738821369807,0.5206392456876646,0.6261621539739853,0.9322745055821372,1372.0598086124403,0,energy_12kWh
da_basis,627,0.9338882057416268,7.126758486494311,33.1755067173207,0.5641699986753579,0.5066268683241961,0.614812466039612,0.9338882057416268,1372.2288676236044,0,energy_12kWh
naive,627,0.9701241626794258,3.5231678645475717,30.582638056924182,0.2789017774689039,0.19504223081293365,0.34552446773260825,0.9701241626794258,1431.7081339712918,0,energy_12kWh
arrival,627,1.3975238118022328,-38.98083913728403,0.0,-3.085809629458033,,,1.3975238118022328,1880.1491228070176,0,energy_12kWh
timer,627,1.005551427432217,0.0,28.0476354720949,0.0,,,1.0055514274322168,1423.8006379585327,0,energy_12kWh
perfect,627,0.8785272647527911,12.632289032078226,37.1368661246744,1.0,,,0.8785272647527911,1404.9338118022329,0,energy_12kWh
model,627,1.2492627751196173,6.111900912454226,32.54916863979721,0.554389128415106,0.49294320635066663,0.605950576479545,1.2492627751196173,1839.2703349282297,0,energy_16kWh
day_ahead,627,1.2464172169059011,6.325758282456462,32.70280746664902,0.573787381537811,0.5134818446589022,0.6244564119923671,1.2464172169059011,1833.6259968102074,0,energy_16kWh
da_basis,627,1.2481594976076555,6.194817517693041,32.60873736055391,0.5619102033094665,0.5009082099186756,0.6136686286323646,1.2481594976076555,1833.5845295055822,0,energy_16kWh
naive,627,1.2964498405103668,2.5655662586957395,30.00142059715698,0.23271353093294914,0.1432883822023282,0.30797618485223116,1.2964498405103668,1910.639553429027,0,energy_16kWh
arrival,627,1.852108787878788,-39.194873056733655,0.0,-3.555229677887221,,,1.852108787878788,2508.2703349282297,0,energy_16kWh
timer,627,1.3305869298245614,0.0,28.15827350247192,0.0,,,1.3305869298245614,1888.671451355662,0,energy_16kWh
perfect,627,1.1838954625199363,11.024568483020236,36.078513839576,1.0,,,1.1838954625199363,1874.6244019138755,0,energy_16kWh
model,627,1.56644490430622,5.110945336891415,31.717457366539094,0.5392736217432325,0.4739203006043331,0.5914190878125646,1.56644490430622,2305.693779904306,0,energy_20kWh
day_ahead,627,1.5627925279106858,5.3321918949372,31.876667273160074,0.5626181157244847,0.49876057374583294,0.6159767499477693,1.5627925279106858,2297.804625199362,0,energy_20kWh
da_basis,627,1.5648562519936204,5.207179628768854,31.7867079472436,0.54942763664573,0.48099247472302986,0.6027860797502077,1.5648562519936204,2297.6180223285487,0,energy_20kWh
naive,627,1.6232595374800638,1.6693389209383236,29.24086364707109,0.176137756612926,0.0727573140994731,0.26097739857814345,1.6232595374800638,2389.002392344498,0,energy_20kWh
arrival,627,2.2940635247208934,-38.9653211545897,0.0,-4.111366582176026,,,2.294063524720893,3125.732057416268,0,energy_20kWh
timer,627,1.6508172727272727,0.0,28.0396006937899,0.0,,,1.6508172727272727,2349.6172248803828,0,energy_20kWh
perfect,627,1.4943616905901116,9.477462146896787,34.85962029879174,1.0,,,1.4943616905901116,2346.525518341308,0,energy_20kWh
model,271,0.6310714944649447,8.313790458656012,34.90408755719788,0.5653400334263383,0.4768299058993841,0.6317994567785266,0.6310714944649447,921.9446494464945,0,mon_wed_fri_only
day_ahead,271,0.6305584870848708,8.388323538597431,34.95700499014913,0.5704083033226014,0.48046679367831185,0.643468277395854,0.6305584870848708,921.0756457564576,0,mon_wed_fri_only
da_basis,271,0.6325555350553506,8.098179299329011,34.751006682555406,0.5506784154041866,0.4526943414457024,0.6251754096038343,0.6325555350553506,921.4981549815498,0,mon_wed_fri_only
naive,271,0.6541377490774907,4.962573564391171,32.524770944403095,0.33745636466607487,0.21377663655341117,0.42306809600181294,0.6541377490774908,968.6660516605166,0,mon_wed_fri_only
arrival,271,0.9694487269372692,-40.847875236261544,0.0,-2.7776667293099115,,,0.9694487269372692,1292.5239852398524,0,mon_wed_fri_only
timer,271,0.688294889298893,0.0,29.001413878443216,0.0,,,0.688294889298893,968.0682656826568,0,mon_wed_fri_only
perfect,271,0.5870754612546125,14.70582298633426,39.44234027627943,1.0,,,0.5870754612546126,947.1088560885609,0,mon_wed_fri_only
