strategy,nights,mean_g_per_night,saving_vs_timer_pct,saving_vs_arrival_pct,gap_captured,gap_ci_low,gap_ci_high,scenario
lgbm,631,919.0633914421553,3.54065760059612,26.171941139102728,0.33977382463029027,0.28351083016383477,0.38548393573198814,default
lgbm_noweather,631,939.8026941362916,1.3639856557377095,24.50595979951955,0.1308928101132473,0.038341567310994445,0.22356259408660556,default
yesterday,631,973.850237717908,-2.209438870555669,21.770931862362552,-0.21202544273389679,-0.3095220042029038,-0.10280595391504634,default
last_week,631,951.2963549920761,0.15768043431977352,23.582677816917098,0.015131563195824455,-0.10655163409161468,0.10982996660401374,default
arrival,631,1244.8700475435817,-30.65404114328294,0.0,-2.9416684623426788,,,default
timer,631,952.7987321711569,0.0,23.46199235404124,0.0,,,default
perfect,631,853.5110935023772,10.420630854800939,31.437735594445925,1.0,,,default
lgbm,631,905.1616481774961,4.999700606770274,23.65706449204802,0.4087741128313921,0.3447892461882371,0.4615975969455154,plug_in_17:00
lgbm_noweather,631,928.7805071315372,2.520807829465621,21.66500812340898,0.2061005378427813,0.11243937734089321,0.3062110239774219,plug_in_17:00
yesterday,631,963.6735340729001,-1.1413535235256456,18.722068471883514,-0.09331674248142029,-0.20286960664909393,0.020613509459881284,plug_in_17:00
last_week,631,947.094294770206,0.5987032946561666,20.120390859276892,0.04894981267296303,-0.08666480177297385,0.15309606032284495,plug_in_17:00
arrival,631,1185.6521394611727,-24.438887188631032,0.0,-1.9981165303361008,,,plug_in_17:00
timer,631,952.7987321711569,0.0,19.63926851224994,0.0,,,plug_in_17:00
perfect,631,836.2622820919175,12.230961917181183,29.468158976884872,1.0,,,plug_in_17:00
lgbm,631,920.6996830427893,3.3689223174366623,26.882614277084173,0.34025736220538577,0.28006957850057124,0.388539158745386,plug_in_19:00
lgbm_noweather,631,939.8193343898573,1.3622391952309965,25.364226741844544,0.13758462546407513,0.04805251061036326,0.2333676935641997,plug_in_19:00
yesterday,631,972.7258320126783,-2.091428039173948,22.75095650422876,-0.21123187797134074,-0.30112378141816554,-0.1042742432365595,plug_in_19:00
last_week,631,949.4992076069731,0.34629816904406807,24.595499395892062,0.03497572530112386,-0.08458528693626036,0.12723386145050766,plug_in_19:00
arrival,631,1259.2076069730585,-32.15882478177561,0.0,-3.2480051069262688,,,plug_in_19:00
timer,631,952.7987321711569,0.0,24.33346757954088,0.0,,,plug_in_19:00
perfect,631,858.4611727416799,9.901100436448795,31.825286951268627,1.0,,,plug_in_19:00
lgbm,631,920.7091917591125,3.367924340004258,25.07995357534335,0.34538430048101526,0.2853688247292746,0.3948880429085791,plug_in_20:00
lgbm_noweather,631,939.8874801901743,1.3550870236321066,23.51937584628281,0.13896564664142189,0.050772952484993465,0.2334282052350253,plug_in_20:00
yesterday,631,970.8882725832012,-1.89856890036193,20.996776065510346,-0.19470030361955445,-0.281691440200692,-0.09015734364078964,plug_in_20:00
last_week,631,949.1529318541997,0.3826411805407659,22.765426526532984,0.03924026882270665,-0.07929302177910867,0.12823531079227563,plug_in_20:00
arrival,631,1228.9223454833598,-28.980266659569942,0.0,-2.971957834407942,,,plug_in_20:00
timer,631,952.7987321711569,0.0,22.46876007479528,0.0,,,plug_in_20:00
perfect,631,859.8890649762282,9.751237492016184,30.029015410406856,1.0,,,plug_in_20:00
lgbm,631,920.3716323296355,3.403352538854587,20.373688901076303,0.35201369415245926,0.2915840715816874,0.4010867561728929,plug_in_21:00
lgbm_noweather,631,939.6402535657686,1.3810344368745953,18.70665661205183,0.14284239682075456,0.0559450450414937,0.236575705503748,plug_in_21:00
yesterday,631,968.6988906497622,-1.6687845965509984,16.192637279769663,-0.17260481359781168,-0.2558154910199456,-0.06872416178961255,plug_in_21:00
last_week,631,946.3930269413629,0.672304130295931,18.122437787070677,0.06953739226177164,-0.03879899478302225,0.1515149943793329,plug_in_21:00
arrival,631,1155.863708399366,-21.312473387268472,0.0,-2.2043800643418723,,,plug_in_21:00
timer,631,952.7987321711569,0.0,17.568245698224448,0.0,,,plug_in_21:00
perfect,631,860.6798732171156,9.668239035554604,25.537944745321173,1.0,,,plug_in_21:00
lgbm,631,457.61965134706816,4.654387922893544,25.91636670574924,0.3855738063651408,0.3304590717217934,0.43477580310897357,energy_4kWh
lgbm_noweather,631,469.0419968304279,2.2745283205769073,24.06721348066695,0.18842403271469016,0.10555262629933114,0.2764581423278667,energy_4kWh
yesterday,631,484.73613312202855,-0.995364102835028,21.52650388816054,-0.08245688417194359,-0.17440409052452888,0.015963659745670336,energy_4kWh
last_week,631,475.82725832012676,0.8608108197349251,22.968753607869196,0.07131036557845645,-0.04855702391048469,0.1643297450869822,energy_4kWh
arrival,631,617.7068145800317,-28.69996764117364,0.0,-2.3775319009259133,,,energy_4kWh
timer,631,479.95879556259905,0.0,22.299902763916435,0.0,,,energy_4kWh
perfect,631,422.02139461172743,12.071328098687816,31.679336434283545,1.0,,,energy_4kWh
lgbm,631,1381.405705229794,2.8049586177866903,26.3409048657236,0.30802527336623114,0.2479790275770836,0.3561451127144741,energy_12kWh
lgbm_noweather,631,1414.8827258320127,0.44953154052223,24.55584850174922,0.049365104632225994,-0.05056341259793408,0.15626007413680876,energy_12kWh
yesterday,631,1469.244849445325,-3.375361345193717,21.657159999323973,-0.37066379320900733,-0.47889546114770387,-0.24252042108916663,energy_12kWh
last_week,631,1428.2606973058637,-0.4917361016254507,23.84251043620815,-0.05399977959273636,-0.18779476362350184,0.04885026736750245,energy_12kWh
arrival,631,1875.40412044374,-31.952532413047187,0.0,-3.5088530250896937,,,energy_12kWh
timer,631,1421.271790808241,0.0,24.215171796041844,0.0,,,energy_12kWh
perfect,631,1291.8470681458002,9.106261272436855,31.11633625716169,1.0,,,energy_12kWh
lgbm,631,1843.4944532488114,2.2225603131581284,26.32495316317961,0.2810802478978644,0.21734244658412274,0.3331233696182224,energy_16kWh
lgbm_noweather,631,1893.2187004754358,-0.414773135611779,24.337729259743888,-0.05245506053937983,-0.16990652199578482,0.06842535673903323,energy_16kWh
yesterday,631,1969.5332805071316,-4.462436112370782,21.28782572015966,-0.5643503311328677,-0.6938317439136484,-0.41760400970281614,energy_16kWh
last_week,631,1907.6679873217115,-1.1811515050393462,23.760265148972127,-0.149376534745033,-0.29488151468653123,-0.03525565931842013,energy_16kWh
arrival,631,2502.1965134706816,-32.71445880910644,0.0,-4.1372952344505745,,,energy_16kWh
timer,631,1885.3985736925515,0.0,24.650259740095237,0.0,,,energy_16kWh
perfect,631,1736.3161648177495,7.907209168129592,30.60832131008825,1.0,,,energy_16kWh
lgbm,631,2307.080824088748,1.6459697303717435,26.01850035522878,0.24236470354158376,0.17483999153698937,0.3018312857934387,energy_20kWh
lgbm_noweather,631,2372.1679873217117,-1.1287856037018429,23.93134073198472,-0.16621070433744528,-0.3049990625999773,-0.027378181473677682,energy_20kWh
yesterday,631,2474.172741679873,-5.477388649176551,20.66033929175819,-0.8065310385992838,-0.9793477428787182,-0.6284625377092905,energy_20kWh
last_week,631,2389.312202852615,-1.8596671036776868,23.381574654452354,-0.2738310783923597,-0.4343215804086866,-0.1417658922348299,energy_20kWh
arrival,631,3118.456418383518,-32.944088375991164,0.0,-4.850930163151611,,,energy_20kWh
timer,631,2345.690174326466,0.0,24.780408650303443,0.0,,,energy_20kWh
perfect,631,2186.3874801901743,6.7912930650371734,29.888791541184688,1.0,,,energy_20kWh
lgbm,273,929.0274725274726,3.869303688317993,28.03733412023074,0.3635958898010792,0.29422851712279174,0.4236007576208614,mon_wed_fri_only
lgbm_noweather,273,947.919413919414,1.914468622196619,26.573960316537047,0.17990134097911065,0.030557640161621127,0.3246006245307638,mon_wed_fri_only
yesterday,273,989.4652014652015,-2.384462898879214,23.355814765108285,-0.22406639004149378,-0.35780167954760667,-0.10530519361941021,mon_wed_fri_only
last_week,273,960.4047619047619,0.6225529027832022,25.606842602549662,0.0585008815201325,-0.16931614217638485,0.22176092165233283,mon_wed_fri_only
arrival,273,1290.985347985348,-33.584123290111556,0.0,-3.155877691307677,,,mon_wed_fri_only
timer,273,966.4212454212454,0.0,25.14080450801415,0.0,,,mon_wed_fri_only
perfect,273,863.5769230769231,10.641769604257235,33.10714761987181,1.0,,,mon_wed_fri_only
