test_start,test_end,train_end,n_train,n_test
2024-07-01,2024-07-14,2024-06-29,26079,672
2024-07-15,2024-07-28,2024-07-13,26751,672
2024-07-29,2024-08-11,2024-07-27,27423,672
2024-08-12,2024-08-25,2024-08-10,28095,672
2024-08-26,2024-09-08,2024-08-24,28767,672
2024-09-09,2024-09-22,2024-09-07,29439,672
2024-09-23,2024-10-06,2024-09-21,30111,672
2024-10-07,2024-10-20,2024-10-05,30783,672
2024-10-21,2024-11-03,2024-10-19,31455,674
2024-11-04,2024-11-17,2024-11-02,32129,672
2024-11-18,2024-12-01,2024-11-16,32801,672
2024-12-02,2024-12-15,2024-11-30,33473,672
2024-12-16,2024-12-29,2024-12-14,34145,672
2024-12-30,2024-12-31,2024-12-28,34817,96
