ts_utc,issued_at_utc,settlement_date,settlement_period,capacity_mw,wind_forecast_mw
2026-10-08 23:00:00,2026-10-08 08:40:07.850057,2026-10-09,1,25366,16757
2026-10-08 23:30:00,2026-10-08 08:40:07.850057,2026-10-09,2,25366,17416
2026-10-09 00:00:00,2026-10-08 08:40:07.850057,2026-10-09,3,25366,18006
2026-10-09 00:30:00,2026-10-08 08:40:07.850057,2026-10-09,4,25366,18508
2026-10-09 01:00:00,2026-10-08 08:40:07.850057,2026-10-09,5,25366,18913
2026-10-09 01:30:00,2026-10-08 08:40:07.850057,2026-10-09,6,25366,19187
2026-10-09 02:00:00,2026-10-08 08:40:07.850057,2026-10-09,7,25366,19340
2026-10-09 02:30:00,2026-10-08 08:40:07.850057,2026-10-09,8,25366,19441
2026-10-09 03:00:00,2026-10-08 08:40:07.850057,2026-10-09,9,25366,19566
2026-10-09 03:30:00,2026-10-08 08:40:07.850057,2026-10-09,10,25366,19741
2026-10-09 04:00:00,2026-10-08 08:40:07.850057,2026-10-09,11,25366,19940
2026-10-09 04:30:00,2026-10-08 08:40:07.850057,2026-10-09,12,25366,20175
2026-10-09 05:00:00,2026-10-08 08:40:07.850057,2026-10-09,13,25366,20346
2026-10-09 05:30:00,2026-10-08 08:40:07.850057,2026-10-09,14,25366,20481
2026-10-09 06:00:00,2026-10-08 08:40:07.850057,2026-10-09,15,25366,20541
2026-10-09 06:30:00,2026-10-08 08:40:07.850057,2026-10-09,16,25366,20510
2026-10-09 07:00:00,2026-10-08 08:40:07.850057,2026-10-09,17,25366,20416
2026-10-09 07:30:00,2026-10-08 08:40:07.850057,2026-10-09,18,25366,20239
2026-10-09 08:00:00,2026-10-08 08:40:07.850057,2026-10-09,19,25366,20036
2026-10-09 08:30:00,2026-10-08 08:40:07.850057,2026-10-09,20,25366,19772
2026-10-09 09:00:00,2026-10-08 08:40:07.850057,2026-10-09,21,25366,19667
2026-10-09 09:30:00,2026-10-08 08:40:07.850057,2026-10-09,22,25366,19652
2026-10-09 10:00:00,2026-10-08 08:40:07.850057,2026-10-09,23,25366,19682
2026-10-09 10:30:00,2026-10-08 08:40:07.850057,2026-10-09,24,25366,19757
2026-10-09 11:00:00,2026-10-08 08:40:07.850057,2026-10-09,25,25366,19799
2026-10-09 11:30:00,2026-10-08 08:40:07.850057,2026-10-09,26,25366,19795
2026-10-09 12:00:00,2026-10-08 08:40:07.850057,2026-10-09,27,25366,19775
2026-10-09 12:30:00,2026-10-08 08:40:07.850057,2026-10-09,28,25366,19755
2026-10-09 13:00:00,2026-10-08 08:40:07.850057,2026-10-09,29,25366,19675
2026-10-09 13:30:00,2026-10-08 08:40:07.850057,2026-10-09,30,25366,19554
2026-10-09 14:00:00,2026-10-08 08:40:07.850057,2026-10-09,31,25366,19441
2026-10-09 14:30:00,2026-10-08 08:40:07.850057,2026-10-09,32,25366,19333
2026-10-09 15:00:00,2026-10-08 08:40:07.850057,2026-10-09,33,25366,19230
2026-10-09 15:30:00,2026-10-08 08:40:07.850057,2026-10-09,34,25366,19111
2026-10-09 16:00:00,2026-10-08 08:40:07.850057,2026-10-09,35,25366,19063
2026-10-09 16:30:00,2026-10-08 08:40:07.850057,2026-10-09,36,25366,19091
2026-10-09 17:00:00,2026-10-08 08:40:07.850057,2026-10-09,37,25366,19225
2026-10-09 17:30:00,2026-10-08 08:40:07.850057,2026-10-09,38,25366,19280
2026-10-09 18:00:00,2026-10-08 08:40:07.850057,2026-10-09,39,25366,19301
2026-10-09 18:30:00,2026-10-08 08:40:07.850057,2026-10-09,40,25366,19322
2026-10-09 19:00:00,2026-10-08 08:40:07.850057,2026-10-09,41,25366,19318
2026-10-09 19:30:00,2026-10-08 08:40:07.850057,2026-10-09,42,25366,19309
2026-10-09 20:00:00,2026-10-08 08:40:07.850057,2026-10-09,43,25366,19330
2026-10-09 20:30:00,2026-10-08 08:40:07.850057,2026-10-09,44,25366,19390
2026-10-09 21:00:00,2026-10-08 08:40:07.850057,2026-10-09,45,25366,19435
2026-10-09 21:30:00,2026-10-08 08:40:07.850057,2026-10-09,46,25366,19479
2026-10-09 22:00:00,2026-10-08 08:40:07.850057,2026-10-09,47,25366,19560
2026-10-09 22:30:00,2026-10-08 08:40:07.850057,2026-10-09,48,25366,19676
