ts_utc,issued_at_utc,settlement_date,settlement_period,forecast_gco2_kwh
2026-10-10 14:00:00,2026-10-10 13:53:58,2026-10-10,31,32
2026-10-10 14:30:00,2026-10-10 13:53:58,2026-10-10,32,32
2026-10-10 15:00:00,2026-10-10 13:53:58,2026-10-10,33,36
2026-10-10 15:30:00,2026-10-10 13:53:58,2026-10-10,34,39
2026-10-10 16:00:00,2026-10-10 13:53:58,2026-10-10,35,47
2026-10-10 16:30:00,2026-10-10 13:53:58,2026-10-10,36,50
2026-10-10 17:00:00,2026-10-10 13:53:58,2026-10-10,37,60
2026-10-10 17:30:00,2026-10-10 13:53:58,2026-10-10,38,67
2026-10-10 18:00:00,2026-10-10 13:53:58,2026-10-10,39,70
2026-10-10 18:30:00,2026-10-10 13:53:58,2026-10-10,40,69
2026-10-10 19:00:00,2026-10-10 13:53:58,2026-10-10,41,71
2026-10-10 19:30:00,2026-10-10 13:53:58,2026-10-10,42,66
2026-10-10 20:00:00,2026-10-10 13:53:58,2026-10-10,43,62
2026-10-10 20:30:00,2026-10-10 13:53:58,2026-10-10,44,59
2026-10-10 21:00:00,2026-10-10 13:53:58,2026-10-10,45,55
2026-10-10 21:30:00,2026-10-10 13:53:58,2026-10-10,46,51
2026-10-10 22:00:00,2026-10-10 13:53:58,2026-10-10,47,46
2026-10-10 22:30:00,2026-10-10 13:53:58,2026-10-10,48,45
2026-10-10 23:00:00,2026-10-10 13:53:58,2026-10-11,1,42
2026-10-10 23:30:00,2026-10-10 13:53:58,2026-10-11,2,40
2026-10-11 00:00:00,2026-10-10 13:53:58,2026-10-11,3,37
2026-10-11 00:30:00,2026-10-10 13:53:58,2026-10-11,4,38
2026-10-11 01:00:00,2026-10-10 13:53:58,2026-10-11,5,38
2026-10-11 01:30:00,2026-10-10 13:53:58,2026-10-11,6,38
2026-10-11 02:00:00,2026-10-10 13:53:58,2026-10-11,7,42
2026-10-11 02:30:00,2026-10-10 13:53:58,2026-10-11,8,45
2026-10-11 03:00:00,2026-10-10 13:53:58,2026-10-11,9,45
2026-10-11 03:30:00,2026-10-10 13:53:58,2026-10-11,10,45
2026-10-11 04:00:00,2026-10-10 13:53:58,2026-10-11,11,50
2026-10-11 04:30:00,2026-10-10 13:53:58,2026-10-11,12,54
2026-10-11 05:00:00,2026-10-10 13:53:58,2026-10-11,13,65
2026-10-11 05:30:00,2026-10-10 13:53:58,2026-10-11,14,73
2026-10-11 06:00:00,2026-10-10 13:53:58,2026-10-11,15,80
2026-10-11 06:30:00,2026-10-10 13:53:58,2026-10-11,16,82
2026-10-11 07:00:00,2026-10-10 13:53:58,2026-10-11,17,78
2026-10-11 07:30:00,2026-10-10 13:53:58,2026-10-11,18,84
2026-10-11 08:00:00,2026-10-10 13:53:58,2026-10-11,19,75
2026-10-11 08:30:00,2026-10-10 13:53:58,2026-10-11,20,79
2026-10-11 09:00:00,2026-10-10 13:53:58,2026-10-11,21,83
2026-10-11 09:30:00,2026-10-10 13:53:58,2026-10-11,22,86
2026-10-11 10:00:00,2026-10-10 13:53:58,2026-10-11,23,97
2026-10-11 10:30:00,2026-10-10 13:53:58,2026-10-11,24,103
2026-10-11 11:00:00,2026-10-10 13:53:58,2026-10-11,25,104
2026-10-11 11:30:00,2026-10-10 13:53:58,2026-10-11,26,109
2026-10-11 12:00:00,2026-10-10 13:53:58,2026-10-11,27,118
2026-10-11 12:30:00,2026-10-10 13:53:58,2026-10-11,28,128
2026-10-11 13:00:00,2026-10-10 13:53:58,2026-10-11,29,137
2026-10-11 13:30:00,2026-10-10 13:53:58,2026-10-11,30,143
2026-10-11 14:00:00,2026-10-10 13:53:58,2026-10-11,31,148
2026-10-11 14:30:00,2026-10-10 13:53:58,2026-10-11,32,155
2026-10-11 15:00:00,2026-10-10 13:53:58,2026-10-11,33,166
2026-10-11 15:30:00,2026-10-10 13:53:58,2026-10-11,34,175
2026-10-11 16:00:00,2026-10-10 13:53:58,2026-10-11,35,191
2026-10-11 16:30:00,2026-10-10 13:53:58,2026-10-11,36,201
2026-10-11 17:00:00,2026-10-10 13:53:58,2026-10-11,37,206
2026-10-11 17:30:00,2026-10-10 13:53:58,2026-10-11,38,211
2026-10-11 18:00:00,2026-10-10 13:53:58,2026-10-11,39,217
2026-10-11 18:30:00,2026-10-10 13:53:58,2026-10-11,40,214
2026-10-11 19:00:00,2026-10-10 13:53:58,2026-10-11,41,210
2026-10-11 19:30:00,2026-10-10 13:53:58,2026-10-11,42,202
2026-10-11 20:00:00,2026-10-10 13:53:58,2026-10-11,43,196
2026-10-11 20:30:00,2026-10-10 13:53:58,2026-10-11,44,190
2026-10-11 21:00:00,2026-10-10 13:53:58,2026-10-11,45,175
2026-10-11 21:30:00,2026-10-10 13:53:58,2026-10-11,46,159
2026-10-11 22:00:00,2026-10-10 13:53:58,2026-10-11,47,143
2026-10-11 22:30:00,2026-10-10 13:53:58,2026-10-11,48,131
2026-10-11 23:00:00,2026-10-10 13:53:58,2026-10-12,1,123
2026-10-11 23:30:00,2026-10-10 13:53:58,2026-10-12,2,114
2026-10-12 00:00:00,2026-10-10 13:53:58,2026-10-12,3,114
2026-10-12 00:30:00,2026-10-10 13:53:58,2026-10-12,4,111
2026-10-12 01:00:00,2026-10-10 13:53:58,2026-10-12,5,110
2026-10-12 01:30:00,2026-10-10 13:53:58,2026-10-12,6,106
2026-10-12 02:00:00,2026-10-10 13:53:58,2026-10-12,7,98
2026-10-12 02:30:00,2026-10-10 13:53:58,2026-10-12,8,95
2026-10-12 03:00:00,2026-10-10 13:53:58,2026-10-12,9,91
2026-10-12 03:30:00,2026-10-10 13:53:58,2026-10-12,10,84
2026-10-12 04:00:00,2026-10-10 13:53:58,2026-10-12,11,83
2026-10-12 04:30:00,2026-10-10 13:53:58,2026-10-12,12,84
2026-10-12 05:00:00,2026-10-10 13:53:58,2026-10-12,13,84
2026-10-12 05:30:00,2026-10-10 13:53:58,2026-10-12,14,89
2026-10-12 06:00:00,2026-10-10 13:53:58,2026-10-12,15,96
2026-10-12 06:30:00,2026-10-10 13:53:58,2026-10-12,16,97
2026-10-12 07:00:00,2026-10-10 13:53:58,2026-10-12,17,100
2026-10-12 07:30:00,2026-10-10 13:53:58,2026-10-12,18,96
2026-10-12 08:00:00,2026-10-10 13:53:58,2026-10-12,19,94
2026-10-12 08:30:00,2026-10-10 13:53:58,2026-10-12,20,100
2026-10-12 09:00:00,2026-10-10 13:53:58,2026-10-12,21,104
2026-10-12 09:30:00,2026-10-10 13:53:58,2026-10-12,22,106
2026-10-12 10:00:00,2026-10-10 13:53:58,2026-10-12,23,106
2026-10-12 10:30:00,2026-10-10 13:53:58,2026-10-12,24,104
2026-10-12 11:00:00,2026-10-10 13:53:58,2026-10-12,25,104
2026-10-12 11:30:00,2026-10-10 13:53:58,2026-10-12,26,104
2026-10-12 12:00:00,2026-10-10 13:53:58,2026-10-12,27,101
2026-10-12 12:30:00,2026-10-10 13:53:58,2026-10-12,28,99
2026-10-12 13:00:00,2026-10-10 13:53:58,2026-10-12,29,99
